PÃ³liza,Cantidad de Irregularidades
0,3
0000,1
00000,1
000000,1
085240,1
1,10
1000676,2
1000789,1
1000790,1
1000791,1
1000794,1
1002060,1
1002119,1
1004880,1
1005340,1
1005988,1
1006082,1
1006201,2
1006225,1
1006311,1
1006312,1
1006315,1
1006320,1
1006344,1
1006388,1
1006479,1
1006532,1
1006597,1
1006598,1
1006601,1
1006609,1
1006610,1
1007630,1
100800,1
100801,1
100802,1
100803,1
1008335,1
101,1
1010464,1
1010492,1
1010533,1
1010614,1
1010618,1
1010619,2
1010666,1
1010678,1
1010843,1
1012573,1
1012721,1
1014291,1
1015192,1
1016353,1
1016598,1
1017377,1
1020499,1
1020825,1
1020890,1
1020909,1
1022163,1
1022184,1
1022754,1
1023774,1
1026223,1
1028668,1
1029955,1
1029957,1
1029959,1
1030002,1
1030003,1
1030004,1
1030353,1
1030436,1
1030511,1
1030518,1
1030525,1
1030544,1
1030545,1
1030551,1
1030553,1
1030558,1
1030656,1
1030755,1
1030756,1
1030757,1
1030763,1
1030792,1
1030794,1
1030795,1
1030825,1
1030826,1
1030914,1
1030920,1
1030932,1
1030933,1
1030946,1
1030947,1
1030956,1
1030984,1
1030985,1
1030997,1
1030998,1
1034640,1
1035230,1
103876,1
1048506,1
1048563,1
1048999,1
10509987,1
1051301,1
1052781,1
1055103,1
105742,1
1058155,1
1058281,1
1058305,1
1058748,1
1058749,1
1058756,1
1058782,1
1058783,1
1058960,1
1059246,1
1059324,1
1059330,1
1059419,1
1059447,1
1059450,1
1059466,1
1059491,1
1059578,1
1059641,1
1059664,1
1059673,1
1062464,1
1066816,1
1066912,1
1066913,1
1067454,1
1068154,1
1069163,1
1069166,1
1069287,1
1069547,1
1079937,1
1085953,1
1085970,1
1086816,1
1090156,1
1091618,1
1092370,1
1097988,1
1097995,2
110797,1
111087,1
111342,1
111348,1
111351,1
1116176,1
1117948,1
1119642,1
1119643,1
1119776,1
1119932,1
1121995,1
1122749,1
1123728,1
1124420,1
1124421,1
1125232,1
1128520,1
1128521,1
113028,1
1134666,1
1143954,1
1153612,1
11594,1
11596,1
1159760,1
11632,1
11643,1
11646,1
11653,1
117062,1
118186,1
120123,1
12345,1
123484,1
12358,1
124715,1
125037,1
1251822,1
125214,1
126182,1
127082,1
127616,1
128372,1
129781,1
134428,1
135149,1
13612,1
14082,1
141436,1
141581,1
141662,1
142350,1
142468,1
143566,1
143610,1
144517,1
144888,1
145968,1
146002,1
146097,1
146098,1
146111,1
146198,1
146204,1
146253,1
146318,1
146329,1
146331,1
146334,1
146349,1
146355,1
146359,1
146370,1
146392,1
146397,1
146406,1
146413,1
146418,1
146430,1
149236,2
1511903,1
151499,1
151515,1
151517,1
151547,1
151549,1
151550,1
151578,1
151613,1
151615,1
151623,1
151637,1
151642,1
151660,1
151678,1
151681,1
151696,1
151709,1
151720,1
151733,1
151742,1
151743,1
151744,1
151752,1
151756,1
151769,1
151776,1
151860,1
151861,1
151866,1
151869,1
151870,1
151872,1
151904,1
151905,1
151949,1
151960,1
151965,1
151979,1
151984,1
151994,1
151995,1
151998,1
152000,1
152005,1
152006,2
152013,1
152015,1
152024,1
152028,1
152030,1
152032,1
152037,1
152046,1
152048,1
152057,1
152213,1
152261,1
152268,1
152271,1
152273,1
152274,1
152283,1
152287,1
152298,1
152307,1
152322,1
152325,1
152326,1
152345,1
152346,1
152347,1
152354,1
152374,1
152379,1
152380,1
152405,1
152421,1
152424,1
152430,1
152439,1
152441,1
152445,1
152447,1
152457,1
152458,1
152459,1
152464,1
152468,1
152469,1
152470,1
152471,1
152472,1
152474,1
152475,1
152476,1
152477,1
152482,1
152492,1
152495,1
152503,1
152507,1
152508,1
152510,1
152513,1
152514,1
152516,1
152527,1
152529,1
152531,1
152854,1
152860,1
152862,1
152866,1
152891,1
152903,1
152916,1
152921,1
152922,1
152935,2
152943,1
152953,1
152954,1
152958,1
152967,1
152979,1
152980,1
153011,1
153029,1
153030,1
153034,1
153050,1
153070,1
153078,1
153109,1
153127,1
153158,1
154443,1
154484,1
154485,1
154700,1
154885,1
154887,2
154896,1
154897,1
154898,1
154901,1
154903,2
154904,1
154905,1
154909,1
154917,1
154919,1
154926,1
154930,1
154934,1
154937,1
154940,1
154947,1
154949,1
154954,1
154955,1
154971,1
155009,1
155031,1
155069,1
155070,1
155085,1
155094,1
155100,2
155103,1
155106,1
155111,1
1551116,1
155112,1
155133,1
155134,1
155138,1
155155,1
155157,1
155161,2
155163,1
155167,1
155171,1
155172,1
155176,1
155178,1
155180,1
155181,1
155187,1
155188,1
155189,1
155190,1
155191,2
155194,1
155197,1
155205,1
155222,1
155225,1
155229,1
155236,1
155239,1
155244,1
155246,1
155252,1
155253,1
155259,1
155261,1
155268,1
155270,1
155276,1
155278,1
155289,1
155290,1
155307,1
155326,1
155342,1
155344,1
155354,1
155355,1
155356,1
155358,1
155388,1
155402,1
155408,1
155409,1
155415,1
155420,1
155426,1
155429,1
155430,1
155431,1
155432,1
155433,1
155435,1
155436,1
155437,1
155462,1
155478,1
155500,1
155501,1
155502,1
155507,1
155516,1
155542,1
155544,2
155549,1
155555,1
155563,1
155587,1
155608,1
155629,1
155631,1
155639,1
155641,1
155664,1
155672,1
155673,1
155677,1
155681,1
155686,1
155708,1
155709,1
155710,1
155711,2
155721,1
155745,1
155749,1
155750,1
155763,1
155773,1
155775,1
155787,1
155791,1
155792,1
155808,1
155861,1
155891,1
155902,1
155926,1
155957,1
155970,1
155995,1
156009,1
156019,1
156027,1
156028,1
156029,1
156038,1
156066,1
156087,1
156089,1
156090,1
156102,1
156108,1
156112,1
156121,1
156133,1
156139,1
156145,1
156222,1
156230,1
156247,1
156248,1
156265,2
156284,1
156311,1
156313,2
156322,1
156328,2
156332,1
156333,1
156336,1
156339,1
156341,1
156342,1
156345,1
156346,1
156351,1
156352,1
156355,1
156359,1
156361,1
156363,1
156401,1
156408,1
156409,1
156414,1
156430,2
156440,1
156457,1
156464,1
156470,1
156471,1
156482,1
156492,1
156493,1
156494,1
156495,1
156497,1
156517,1
156518,1
156523,1
156541,1
156545,1
156550,1
156552,1
156555,1
156561,1
156562,1
156567,1
156568,1
156572,1
156573,1
156576,1
156577,1
156578,1
156597,1
156617,1
156641,1
156729,1
156811,1
156812,1
156829,1
156842,1
156853,1
156860,1
156863,1
156864,1
156865,1
156866,1
156867,1
156870,1
156872,1
156873,1
156874,1
156878,1
156881,1
156882,1
156883,1
156884,1
156887,1
156891,1
157089,1
157092,1
157093,1
157100,1
157124,1
157126,1
157128,1
157131,1
157132,1
157134,1
157137,1
157145,1
157146,1
157147,2
157148,1
157151,1
157152,1
157153,1
157154,1
157160,1
157164,1
157165,1
157167,1
157168,1
157171,1
157188,1
157193,1
157203,1
157205,1
157206,1
157217,1
157221,1
157227,1
157250,1
157255,1
157260,1
157265,2
157268,1
157271,1
157287,1
157327,1
157710,1
157732,1
157737,1
157744,1
157794,1
157806,1
157845,1
157858,1
157864,1
157867,1
157873,1
157878,1
157903,1
157928,1
157929,1
157937,1
157941,1
157951,1
157956,1
157963,2
157979,1
157980,1
157996,1
157997,1
158000,1
158007,1
158008,1
158028,1
158031,1
158083,1
158089,2
158096,1
158712,1
158724,1
158726,1
158736,1
158775,1
158819,1
158900,1
158904,1
158908,1
158913,1
158922,1
158929,1
158931,1
158934,1
158935,1
158936,1
158940,1
158963,1
158964,1
158966,1
158971,1
158990,1
159010,1
159015,1
159021,1
159022,1
159063,1
159064,1
159065,1
159256,1
159258,1
159264,1
159269,1
159279,1
159286,1
159302,1
159313,1
159314,1
159315,1
159353,1
159356,1
159361,1
159362,1
159367,1
159386,2
159391,1
159402,1
159439,1
159445,1
159446,1
159448,1
159456,1
159460,1
159462,1
159463,1
159471,1
159526,1
159530,1
159531,1
159557,1
159558,1
159561,1
159564,1
159771,1
159775,1
159776,1
159855,1
159856,1
159857,1
159870,1
159878,1
159904,1
160184,1
160186,1
160376,1
160391,1
160392,1
160397,1
160400,1
160402,1
160408,1
160417,1
160420,1
160431,1
160432,1
160434,1
160435,1
160442,1
160450,1
160454,1
160457,1
160461,1
160464,1
160465,1
160468,1
160478,1
160483,1
160491,2
160502,1
160504,1
160511,1
160513,1
160530,1
160535,1
160556,1
160559,1
160560,1
160561,1
160569,1
160581,1
160584,1
160587,1
160621,1
160631,1
160633,1
160638,1
160641,1
160643,1
160661,1
160669,1
160670,1
160674,1
160676,1
160677,1
160679,1
160680,1
160681,1
160689,1
160691,1
160693,1
160694,1
160697,1
160699,1
160700,1
160701,1
160704,1
160705,1
160708,1
160712,1
160720,1
160722,1
160723,2
160732,1
160746,1
160750,1
160751,1
160756,1
160760,1
160775,1
160782,1
160786,1
160789,1
160790,1
160818,1
160830,1
160851,1
160852,1
160862,1
160869,1
160870,1
160875,1
160876,1
160879,1
160892,1
160893,1
160897,1
160899,1
160908,1
160915,1
160916,1
160929,1
160930,1
160931,1
160932,1
160933,1
160935,1
160939,1
160945,1
160948,1
160953,1
160958,1
160961,1
160962,1
160971,1
160975,1
160980,1
160988,1
160990,1
160993,1
160997,1
161005,1
161013,1
161016,2
161035,1
161038,1
161046,1
161050,1
161063,1
161066,1
161193,1
161195,1
161212,1
161220,1
161276,1
161278,1
161282,1
161285,1
161296,1
161320,1
161362,1
161369,1
161375,1
161378,1
161379,1
161380,1
161381,1
161387,1
161399,1
161436,1
161439,1
161444,1
161454,1
161463,1
161482,1
161488,1
161499,1
161503,1
161507,1
161508,1
161519,1
161574,1
161809,2
161818,1
161850,1
161874,1
161879,1
161883,1
161884,1
161885,1
161889,1
161890,1
161918,1
161926,1
161928,1
161930,2
161931,1
161932,1
161935,1
161944,2
161948,1
161951,1
161954,1
161976,1
161980,1
161982,1
161984,1
161988,1
161998,1
162001,1
162009,1
162012,1
162019,1
162087,1
162130,1
162131,1
162158,1
162230,1
162243,1
162246,1
162247,1
162248,1
162254,1
162256,1
162266,1
162267,1
162280,1
162295,1
162304,1
162310,1
162411,1
162418,1
162427,1
162429,1
162447,1
162478,1
162550,1
162551,1
162553,1
162560,1
162561,1
162567,1
162577,1
162590,1
162591,1
162592,1
162594,1
162624,1
162642,1
162679,1
162682,1
162687,1
162689,1
162706,1
162738,1
162739,1
162782,1
162789,1
162831,1
162893,2
162896,1
162904,1
162905,1
162906,1
162908,1
162909,1
162910,1
162913,1
163146,1
163148,1
163150,1
163154,1
163178,1
163179,1
163189,1
163198,1
163203,1
163208,1
163211,1
163236,1
163237,1
163245,1
163253,1
163256,1
163283,1
163284,1
163285,1
163286,1
163287,1
163337,1
163339,1
163349,1
163356,1
163357,1
163366,1
163369,1
163380,1
163393,1
163406,1
163407,1
163408,1
163415,1
163460,1
163462,1
163464,1
163465,1
163476,1
163478,1
163480,1
163493,1
163501,1
163502,1
163505,1
163517,1
163527,1
163545,1
163553,1
163554,1
163555,1
163558,1
163559,1
163562,1
163564,1
163567,1
163572,1
163576,1
163585,1
164585,1
164699,1
164700,1
164738,1
164749,1
164786,1
164793,1
164814,1
165239,1
165241,1
165245,1
165253,1
165263,1
165293,1
165301,1
165303,1
165308,1
165314,1
165334,1
165338,1
165340,1
165362,1
165408,1
165427,1
165441,1
165445,1
165447,1
165482,1
165507,1
165508,2
165518,1
165530,1
165533,1
165536,1
165543,2
165748,1
165755,1
165764,1
165772,1
165785,1
165787,1
165788,1
165791,1
165792,1
165796,1
165798,1
165802,1
165815,1
165824,1
165825,1
165835,1
165838,1
165844,1
165847,1
165848,1
165869,1
165870,1
165882,1
165885,1
165888,1
165904,1
165905,1
165909,1
165915,1
165921,1
165936,1
165937,1
165938,1
165950,1
165951,1
165953,1
165957,1
165958,1
165964,1
165965,1
165968,1
165972,1
165975,1
165979,1
165981,1
165986,1
165987,1
165998,1
166005,1
166015,1
166024,2
166025,1
166026,1
166042,1
166051,1
166057,1
166069,1
166071,1
166077,1
166101,1
166128,1
166152,1
166224,1
166225,1
166226,1
166256,1
166257,1
166260,1
166265,1
166286,1
166304,1
166306,1
166308,1
166309,1
166310,1
166312,1
166315,1
166328,1
166333,1
166335,1
166336,1
166341,1
166345,1
166356,1
166357,1
166360,1
166366,1
166387,1
166388,1
166420,1
166459,1
166464,1
166505,1
166506,1
166507,1
166510,1
166519,1
166522,1
166531,1
166535,1
166552,1
166554,1
166555,1
166558,1
166559,1
166562,1
166563,1
166568,1
166571,1
166573,1
166578,1
166581,1
166590,1
166591,1
166592,1
166594,1
166597,1
166624,1
166626,1
166627,1
166629,1
166632,1
166633,1
166636,1
166645,1
166657,1
166658,1
166667,1
166670,2
166677,1
166684,1
166685,1
166686,1
166692,1
166693,1
166694,1
166696,1
166697,1
166712,1
166713,1
166714,1
166715,1
166717,1
166719,1
166720,1
166737,1
166765,2
166767,1
166768,1
166769,1
166770,1
166774,1
166801,1
166825,1
166843,1
166871,1
166886,1
166897,1
166899,1
166969,1
166985,1
167008,1
167009,1
167014,1
167035,1
167037,1
167040,1
167046,1
167053,1
167054,1
167055,1
167057,1
167063,1
167067,1
167068,1
167071,1
167073,1
167074,1
167081,1
167083,1
167084,1
167093,1
167094,1
167098,1
167101,1
167102,1
167104,1
167114,1
167122,1
167126,1
167142,1
167148,1
167152,1
167155,1
167156,1
167157,1
167279,1
167309,1
167312,1
167386,1
167404,1
167414,1
167419,1
167447,2
167458,1
167524,1
167531,1
167536,1
167539,1
167585,1
167593,1
167605,1
167609,1
173973,1
174000,1
174009,1
174025,1
174039,1
174164,1
174180,1
174201,1
174262,1
174267,1
174268,1
174271,1
174333,1
174334,1
174340,1
174341,1
174386,1
174416,1
174418,1
174424,1
174440,1
174453,1
174456,1
174461,1
174463,1
174466,1
174467,1
174470,1
174471,1
174472,1
174473,1
174475,1
174487,1
17849,1
17851,1
187955,1
187969,1
188022,1
188053,1
188094,1
188111,1
188113,1
188122,1
188142,1
188147,1
188148,1
188172,1
188183,1
188196,1
188213,1
188215,1
188236,1
188243,1
188247,1
188249,1
188266,1
188283,1
188293,1
188338,1
188339,1
188351,1
188362,1
188367,1
188385,1
188450,2
188452,1
188458,1
188497,1
188573,1
191011,1
191046,1
191240,1
191241,1
19215,1
192738,1
192756,1
192786,1
192789,1
192791,1
192801,1
192802,1
192814,1
192816,1
192817,1
192827,1
192855,1
192857,1
192861,1
192866,1
192930,1
192931,1
192935,1
192974,1
192989,1
192990,1
193001,1
193005,1
193040,1
193043,1
193084,1
193114,1
193115,1
193116,1
193117,1
193119,1
193137,1
193214,1
193224,1
193225,1
193229,1
193234,1
193238,1
193239,1
193241,2
193243,1
193259,1
193268,1
193279,1
193281,1
193293,1
193301,1
193319,1
193322,1
193362,1
193366,1
193369,1
193424,1
193482,1
193485,1
193486,1
193487,1
193491,1
193494,1
193519,1
193520,1
193524,1
193527,1
193534,1
193563,1
193608,1
193620,1
193624,1
193631,1
193633,1
193639,1
193645,1
193647,1
193780,1
193782,1
193839,1
193842,1
193845,1
193852,1
193854,1
193867,1
193897,1
193901,1
193902,1
193913,1
19399,1
194047,1
194150,1
194597,1
19497,1
19499,1
19519,1
19577,1
19596,1
19667,1
19669,1
19670,1
197328,1
197339,1
197342,1
197355,1
197360,1
197370,1
197372,1
197376,1
197380,1
197381,1
197384,1
197401,1
197402,1
197408,1
197419,1
197455,1
197457,1
197486,1
197495,1
19752,1
19774,1
19779,1
19785,1
19786,1
19824,1
198394,1
19845,1
198481,1
199664,1
199667,1
199669,1
199670,1
199671,1
199679,1
199680,1
199681,1
199700,1
20038,1
200706,1
200707,1
200712,1
200715,1
200723,2
200728,1
200729,1
200737,1
200742,1
200744,1
200745,1
200746,1
200901,1
20127,2
20131,1
201349,1
20140,1
20145,1
201547,1
201560,1
201575,1
201582,1
201616,1
201632,1
201659,1
201667,1
201673,1
201764,1
201802,1
201857,1
201874,1
201875,1
201876,1
201880,1
201890,1
201894,1
201901,1
202015,1
202017,2
202018,1
202019,1
202027,1
202030,1
202032,1
202039,1
202041,1
202217,1
202221,1
202222,1
202227,1
202236,1
202237,1
202240,1
202241,1
202247,1
202258,1
202289,1
202295,1
202312,1
202314,1
202322,1
202324,1
202331,1
202414,1
202428,1
202431,1
202449,1
202450,1
202506,1
202507,1
202516,1
202647,1
202650,1
202666,1
202680,1
202719,1
202803,1
202809,1
202810,1
202815,1
202821,1
202852,1
202917,1
202926,1
203021,1
203028,1
203037,1
203038,1
203042,1
203052,1
203086,1
203091,1
203096,1
203115,1
203116,1
203168,1
203199,2
203216,1
203231,1
203232,1
203256,1
203258,1
203259,1
203261,1
203267,1
203275,1
203276,1
203277,1
203298,1
203306,1
203313,2
203408,1
203450,1
203451,1
203453,1
203457,1
203462,1
203463,1
203469,1
203470,1
203473,1
203475,1
203477,1
203478,1
203479,1
203528,1
203530,1
203531,1
203541,1
203648,1
203683,1
203785,1
203791,1
203800,1
203803,1
203805,1
203806,1
203850,1
203852,1
203853,1
203855,1
203856,1
203857,1
203865,1
203868,1
203870,1
203887,1
203891,1
203898,1
203899,1
203900,1
203908,1
203909,1
203914,1
203917,1
203923,1
203927,1
203929,1
203936,1
203945,1
203948,1
203964,1
203979,1
203980,1
203982,1
203993,1
204001,1
204008,1
204037,1
204038,1
204039,1
204041,1
204071,1
204073,1
204079,1
204103,1
204106,1
204107,1
204117,1
204119,1
204121,1
204124,1
204126,1
204132,1
204144,1
204159,1
204176,1
204180,1
204185,1
204188,1
204189,1
204191,1
204218,1
204219,1
204234,1
204236,1
204242,1
204264,1
204266,1
204268,1
204272,1
204281,1
204284,1
204285,1
204295,1
204297,1
204311,1
204314,1
204318,1
204320,1
204331,1
204337,1
204338,1
204343,1
204347,1
204348,1
204354,1
204360,1
204364,1
204373,1
204392,1
204394,1
204397,1
204400,1
204408,1
204411,1
204423,1
204428,1
204429,2
204430,1
204432,1
204434,1
204439,1
204442,1
204443,1
204448,1
204450,1
204453,1
204458,1
204483,1
204484,1
204485,1
204492,1
204496,1
204502,1
204507,1
204508,1
204513,1
204514,1
204516,1
204517,1
204519,1
204525,1
204531,1
204533,1
204535,1
204537,1
204544,1
204548,1
204552,1
204570,1
204590,1
204596,1
204599,1
204606,1
204607,1
204617,1
204618,1
204648,1
204671,1
204673,1
204690,1
204734,1
204750,1
204764,1
204765,1
204784,1
204809,1
204819,1
204825,1
204833,1
204925,1
204931,1
204953,1
204954,1
204963,1
204964,1
204967,1
204971,1
204978,1
204990,1
204992,1
204996,1
204997,1
205009,1
205034,1
205044,1
205062,1
205067,1
205071,1
205076,1
205088,1
205101,1
205112,1
205132,1
205133,1
205134,1
205135,1
205146,1
205150,1
205171,1
205198,1
205208,1
205221,1
205226,1
205233,1
205234,1
205237,1
205324,1
205376,1
205379,1
205383,1
205400,1
205415,1
205426,1
205451,1
205460,1
205484,1
205500,1
205514,1
205527,1
205552,1
205558,1
205560,1
205562,1
205567,1
205568,1
205579,1
205583,1
205584,1
205603,1
205648,1
205662,1
205683,1
205692,1
205710,1
205731,1
205762,1
205792,1
205795,1
205810,1
205811,1
205818,1
205865,1
205888,1
205891,1
205965,2
206029,1
206031,1
206032,1
206056,1
206057,1
206058,1
206061,1
206076,1
206089,1
206117,1
206119,1
206125,1
206200,1
206204,1
206207,1
206209,1
206215,1
206243,1
206330,1
206352,1
206353,1
206364,1
206392,1
206399,1
206405,1
206423,1
206435,1
206444,1
206480,1
206503,1
206511,1
206513,1
206537,1
206538,1
206540,1
206694,1
206698,1
206699,1
206728,1
206775,1
206810,1
206820,1
206823,1
206839,1
206858,1
206867,1
206875,1
206876,1
206933,1
206939,1
206940,1
206941,1
206942,1
206947,1
206960,1
206979,1
206998,1
207002,2
207007,1
207009,2
207035,1
207039,1
207047,1
207049,1
207072,1
207083,1
207085,1
207099,1
207102,1
207121,1
207124,1
207134,1
207135,1
207137,1
207139,2
207142,1
207145,1
207151,1
207167,1
207179,1
207188,1
207192,1
207198,1
207201,1
207203,2
207204,1
207214,1
207215,1
207217,1
207231,1
207234,1
207239,1
207266,1
207276,1
207280,1
207292,1
207316,1
207322,1
207324,1
207326,1
207327,1
207330,1
207339,1
207344,1
207347,1
207365,1
207366,1
207371,1
207372,1
207376,1
207377,1
207378,1
207380,1
207393,1
207395,1
207398,1
207399,1
207402,1
207408,1
207430,1
207442,1
207443,1
207444,1
207457,1
207498,1
207500,1
207507,1
207509,1
207513,1
207514,1
207517,1
207555,1
207561,1
207571,1
207582,1
207622,1
207652,1
207716,1
207717,1
207723,1
207725,1
207727,1
207748,1
207754,1
207763,1
207789,1
207790,1
207795,1
207820,1
207835,1
207836,1
207840,1
207841,1
207843,1
207845,1
207852,1
207862,1
20789,1
207893,1
207895,1
207906,1
207909,1
207921,1
207925,1
207935,1
207942,1
20795,1
207951,2
207952,1
207968,1
207981,1
207983,1
207984,1
208018,1
20802,2
208047,1
208053,1
208063,1
208064,1
208068,1
208108,1
20812,1
208150,1
208177,1
208201,1
208203,1
208211,1
208228,1
20823,1
208236,1
208237,1
208247,1
208253,1
208254,1
208255,1
208261,1
208262,1
208269,1
208287,1
208292,1
208318,1
208321,1
208338,1
208365,1
208386,1
208428,1
208435,1
208448,1
20846,1
208477,1
208493,1
208510,1
208518,1
208522,1
208528,1
208613,1
20863,1
208647,1
208660,1
208661,1
208691,1
208693,2
208694,1
208695,2
208697,1
208699,1
208708,1
208715,1
208716,1
208717,1
208720,1
208721,1
208723,3
208727,2
208732,1
208739,1
208740,1
208741,1
208745,1
208753,1
208754,1
208767,1
208773,1
2087771,1
208847,1
208849,1
20885,1
208851,1
208852,1
208854,1
208855,1
208860,1
208862,1
208863,1
208867,1
20889,1
20892,1
208961,1
208974,1
209003,1
209008,1
209028,1
209044,1
209057,1
209058,1
209081,1
209083,1
209086,1
209119,1
209122,1
209123,1
209124,1
209127,1
209131,1
209132,1
209133,1
209134,1
209150,1
209153,1
209173,1
209195,1
209196,1
209198,1
209200,1
209201,2
209203,1
209206,1
209207,1
209212,1
209217,1
209218,1
209219,1
209220,1
209222,1
209225,1
209226,1
209230,1
209231,1
209232,1
209233,1
209235,1
209238,1
209243,1
209246,1
209248,1
209250,1
209251,1
209254,1
209256,1
209257,1
209261,1
209262,1
209265,1
209269,1
209272,1
209274,1
209277,1
209309,1
209323,1
209326,1
209328,1
209329,1
209345,1
209348,1
209349,1
209350,1
209351,1
209353,1
209364,1
209382,1
209394,1
209404,1
209405,1
209438,1
209440,1
209451,1
209456,1
209467,1
209468,1
209492,1
209497,1
209516,1
209540,1
20983,1
20987,1
20995,1
20996,1
21002,1
21007,1
21010,1
21019,1
21026,1
21027,1
21038,1
21046,1
21049,1
21051,1
21061,1
21067,1
210704,1
210705,1
210708,1
210714,1
210730,1
210731,1
210733,1
210737,1
210738,1
210739,1
210741,1
210782,1
21080,1
210820,1
210821,1
210822,1
21083,1
21084,1
210846,1
210874,1
210878,1
210881,1
210882,1
210883,1
210884,1
210887,1
210888,1
21091,1
210919,1
210927,1
21093,1
21103,1
211049,1
211073,1
211087,1
211088,1
211100,1
211126,1
211129,1
211134,1
21114,1
211197,1
211216,1
211240,1
211250,1
211261,1
21127,1
21129,1
21142,1
21145,1
211498,1
211535,1
211555,1
211673,1
211676,1
211677,1
211684,1
211687,1
21184,1
21185,1
21186,1
211933,1
211934,1
211946,1
211949,1
211951,1
211952,1
211953,1
211959,1
21197,1
211990,1
212093,1
212094,1
21213,1
21223,1
212292,1
212536,1
212537,1
21284,1
213440,1
213450,1
21350,1
213509,1
213545,1
213555,1
213556,1
21361,1
213637,1
213706,1
21387,1
214013,1
21402,1
214116,1
214237,1
21425,1
21429,1
21434,1
21435,1
21444,1
21445,1
21460,1
214624,1
214625,2
214636,1
214637,1
21464,1
21472,1
21483,1
214963,1
21508,1
21515,1
21516,1
215454,1
215455,1
215456,1
215457,1
215458,1
215463,1
215465,1
215472,1
215473,1
215579,1
215580,1
215655,1
21567,1
215720,1
215727,1
21618,2
21623,1
216233,1
216366,1
216370,1
21650,1
21661,1
21663,1
21664,1
21665,1
21666,1
216669,1
216671,1
216676,2
216679,1
21680,1
21689,1
21691,1
217239,1
21727,1
21728,1
21736,1
21744,1
21745,1
21748,1
21766,1
21767,1
21768,2
21769,1
217691,1
217878,1
217884,1
217990,1
217991,2
217996,1
217997,1
217998,1
218005,1
218008,1
218013,1
218014,1
218015,1
218017,1
218020,1
218028,1
218037,1
218040,1
218041,1
218048,1
218052,1
218055,1
218063,1
218064,1
218065,1
218078,1
218080,1
218082,1
218083,1
218098,1
218112,1
218123,2
218130,1
218136,1
218143,1
218147,1
218151,1
218168,1
218172,1
218179,1
218184,1
218187,1
218201,1
218202,1
218211,1
218212,1
218219,1
218221,1
218226,1
218234,1
218248,1
218250,1
218257,1
218267,1
218479,1
218492,1
218493,1
218543,1
218560,1
218561,1
218566,1
218571,1
218602,1
218625,1
218657,1
218658,1
218660,1
218715,1
218717,1
218729,1
218763,1
218764,1
218765,1
218766,1
218774,1
218776,1
218783,1
218804,1
218827,1
218843,1
218885,1
218913,1
218914,1
218987,1
218989,1
219009,1
219028,1
219029,1
219031,1
219063,1
219067,1
219068,1
219072,1
219082,1
219207,1
219214,1
219220,1
219223,1
219246,1
219265,1
219273,1
219275,1
219335,1
219338,1
219366,1
219396,1
219434,1
219482,1
219498,1
219501,1
219512,1
219537,1
219558,1
219560,1
219564,1
219568,1
219578,1
219581,1
219601,1
219603,1
219612,1
219643,1
219646,1
219648,1
219810,1
219921,1
219940,1
219943,1
219958,1
219963,1
220040,1
220050,1
220065,1
220164,1
220175,1
220184,1
220187,1
220188,1
220212,1
220221,1
220252,1
220291,2
220306,1
220328,1
220331,1
220370,1
220375,1
220430,1
220437,1
220438,1
220439,1
220457,1
221082,1
221338,1
221339,1
221340,1
221341,1
221342,1
221343,1
221344,1
221716,1
221726,1
221734,1
221738,1
221763,1
221947,1
222197,1
222513,1
222519,1
222521,1
222525,1
222528,1
22258787,1
222717,1
222718,1
222726,1
222805,1
222837,1
222838,1
222840,1
222851,1
222860,1
222909,1
222915,1
222916,1
222917,1
222918,1
222920,1
222929,1
222935,1
222937,1
222945,1
222948,1
222949,1
222954,1
222955,1
222960,1
222961,1
222989,1
222991,1
222993,1
223013,1
223014,1
223015,1
223024,1
223025,1
223026,1
223027,1
223028,1
223058,1
223070,1
223074,1
223082,1
223083,1
223088,1
223098,1
223112,1
223116,1
223118,1
223153,1
223181,1
223182,1
223183,1
223186,1
223187,1
223192,1
223193,1
223194,1
223195,1
223235,1
223240,1
223251,1
223274,1
223276,1
223324,1
223337,1
223338,1
223342,1
223344,1
223347,1
223380,1
223464,1
223465,1
223466,2
223467,1
223470,1
223494,1
223503,1
223519,1
223520,1
223523,1
223531,2
223536,1
223538,1
223539,1
223541,1
223543,1
223544,1
223558,1
223559,1
223560,1
223562,1
223563,1
223564,1
223568,1
223570,1
223572,1
223573,2
223574,2
223575,1
223576,1
223577,1
223592,1
223680,1
223712,1
223846,1
223873,1
223895,1
223897,1
223988,1
224040,2
224041,1
224046,1
224047,2
224049,1
224050,1
224051,1
224066,1
224136,1
224151,1
224154,1
224155,1
224158,1
224190,1
224192,1
224193,1
224242,1
224247,1
224299,1
224324,1
224335,1
224352,1
224355,1
224356,2
224360,1
224361,1
224412,1
224501,1
224514,1
224578,1
224585,1
224587,1
224659,1
224681,1
224688,1
224692,1
224707,1
224717,1
224751,1
224755,1
224760,1
224780,1
224781,1
224801,1
224802,1
224803,1
224836,1
224845,1
224897,1
224923,1
224959,1
224960,1
224961,1
224985,1
224989,2
225001,1
225067,1
225100,1
225101,1
225191,1
225199,1
225206,1
225210,1
225213,1
225218,1
225219,1
225223,1
225243,1
225244,1
225254,1
225326,1
225339,1
225349,1
225359,1
225388,1
225390,1
225414,1
225430,1
225431,1
225437,1
225459,1
225460,1
225462,1
225465,1
225471,1
225474,1
225476,1
225478,1
225489,1
225490,1
225528,1
225592,1
225600,1
225603,1
225604,1
225655,1
225658,1
225873,1
225874,1
225883,1
225885,1
225900,1
225911,1
225916,1
225918,1
225922,1
225983,1
225990,1
226000,1
226001,1
226033,1
226042,1
226062,1
226160,1
226162,1
226201,1
226207,1
226214,1
226221,1
226223,1
226232,1
226239,1
226243,1
226254,1
226255,1
226261,1
226288,1
226310,1
226319,1
226321,1
226333,1
226351,1
226355,1
226378,1
226380,1
226383,1
226390,1
226397,1
226398,1
226401,1
226406,1
226414,1
226418,2
226419,1
226421,1
226425,1
226427,1
226458,1
226460,1
226502,1
226507,1
226512,1
226548,1
226555,1
226595,1
226600,1
226604,1
226616,1
226619,1
226620,1
226628,1
226647,1
226671,1
226674,1
226681,1
226714,1
226716,1
226720,1
226744,1
226745,1
226746,1
226787,1
226865,1
226871,1
226872,1
226873,1
226876,1
226885,1
226892,1
226895,1
226904,1
226906,1
226910,1
227003,1
227019,1
227025,1
227033,1
227035,1
227040,1
227067,1
227069,2
227072,1
227073,1
227090,1
227128,1
227129,1
227134,1
227147,1
227149,1
227152,1
227158,1
227159,1
227164,1
227168,1
227170,1
227206,1
227213,1
227242,1
227243,1
227249,1
227250,1
227251,1
227253,1
227254,1
227256,1
227258,1
227272,1
227333,1
227345,1
227348,1
227378,1
227381,1
227385,1
227388,1
227390,1
227422,1
227424,1
227433,1
227440,1
227452,1
227474,1
227476,1
227506,3
227511,1
227547,1
227558,1
227633,1
227647,1
227681,1
227956,1
227963,1
227964,1
228052,1
228230,1
228474,1
228475,1
228482,1
228495,1
228535,1
228546,1
228551,1
228556,1
228564,1
228565,1
228566,1
228569,1
228573,1
228575,1
228589,1
228622,1
228638,1
228649,1
228653,1
228670,1
228671,1
228674,3
228675,1
228705,1
228711,1
228730,2
228737,1
228752,1
228754,1
228755,2
228756,2
228772,1
228775,1
228810,1
228824,1
228844,1
228848,1
228853,1
228854,1
228855,1
228859,1
228862,1
228864,1
228866,1
228867,1
228878,1
228922,1
228935,1
228976,1
228994,1
229000,1
229004,1
229026,1
229082,1
229084,1
229097,1
229098,1
229100,1
229101,1
229102,1
229105,1
229142,1
229145,1
229163,1
229186,1
229245,1
229292,1
229330,1
229333,1
229336,1
229379,1
229429,1
229433,1
229457,1
229467,1
229483,1
229484,1
229486,1
229487,1
229488,1
229496,1
229513,1
229549,1
229576,1
229577,1
229580,1
229587,1
229588,1
229589,1
229591,1
229592,1
229594,1
229596,1
229600,1
229602,1
229606,1
229612,1
229615,1
229668,1
229723,1
229724,1
229725,1
229815,1
229818,1
229827,1
229828,1
229840,1
229858,1
229987,1
230032,1
230035,1
230036,1
230042,1
230082,1
230196,1
230963,1
230964,1
230973,1
230981,1
231000,1
231097,1
231098,1
231105,1
231110,1
231111,1
231116,1
231123,1
231125,1
231127,1
231128,1
231129,1
231132,1
231136,1
231140,1
231142,1
231144,1
231149,1
231152,1
231153,1
231157,1
231159,1
231162,1
231167,1
231168,1
231169,1
231174,1
231177,1
231178,1
231179,1
231180,1
231185,1
231186,1
231187,1
231199,1
231200,1
231205,1
231213,1
231218,1
231220,1
231230,1
231234,1
231235,1
231236,1
231238,1
231239,1
231241,1
231256,1
231265,1
231272,1
231274,1
231288,1
231310,1
231311,1
231315,1
231319,1
231320,1
231323,1
231325,2
231337,1
231340,1
231346,1
231349,1
231377,1
231378,1
231381,1
231385,1
231386,1
231388,1
231392,1
231405,1
231411,1
231412,1
231417,1
231425,1
231427,1
231436,1
231439,1
231441,1
231477,1
231478,1
231480,1
231485,1
231486,1
231500,1
231505,1
231506,1
231512,1
231514,1
231525,1
231528,1
231530,1
231531,1
231546,1
231548,1
231554,1
231555,1
231556,1
231561,1
231562,1
231569,1
231573,1
231583,1
231609,1
231613,1
231634,1
231635,1
231636,1
231639,1
231644,1
231650,1
231654,1
231657,1
231659,1
231690,1
231691,1
231696,1
231704,1
231706,1
231708,1
231709,1
231712,1
231716,1
231719,1
231724,1
231725,1
231727,1
231728,1
231731,1
231732,1
231754,1
231755,1
231761,1
231766,1
231771,1
231776,1
231778,1
231792,1
231807,1
231808,1
231817,1
231818,1
231821,1
231823,1
231830,1
231833,1
231840,1
231843,1
231846,1
231847,1
231857,1
231862,1
231864,1
231865,1
231866,1
231867,1
231878,1
231887,1
231898,1
231957,1
231966,1
231971,1
231981,1
231984,1
232000,1
232001,1
232009,1
232013,1
232014,1
232020,1
232031,1
232037,1
232039,1
232077,2
232084,1
232086,1
232087,1
232099,1
232101,1
232102,1
232104,1
232105,1
232106,1
232116,1
232119,1
232134,1
232136,1
232263,1
232275,1
232278,1
232279,1
232292,1
232296,1
232303,1
232312,1
232313,1
232355,1
232358,1
232359,1
232367,1
232368,1
232370,1
232374,1
232387,1
232396,1
232397,1
232400,1
232413,1
232415,1
232416,1
232417,1
232418,1
232421,1
232604,1
232684,1
232915,1
232916,1
232928,1
232929,1
232930,1
232945,1
232952,1
232961,1
232962,1
232963,1
232968,1
232979,1
232989,2
232990,1
232992,1
233,1
233193,1
233205,1
233207,1
233212,1
233216,1
233219,1
233224,1
233225,1
233227,1
233257,1
233260,1
233363,1
233410,1
233412,1
233474,1
233512,1
233532,1
233572,1
233573,1
233576,1
233577,1
233578,1
233615,1
233630,1
233990,1
234193,1
234198,1
234200,1
234216,1
234224,1
234225,1
234235,1
234243,1
234245,1
234250,1
234255,1
234258,1
234259,1
234268,1
234269,1
234342,1
234348,1
234349,1
234354,1
234613,1
234708,1
234725,1
234726,1
234950,1
235028,1
235029,1
235030,1
235036,1
235081,1
235083,1
235085,1
235087,1
235089,1
235100,1
235199,1
235211,1
235229,1
235248,1
235279,1
235306,1
235328,1
235329,1
235331,1
235333,1
235334,1
235335,1
235337,1
235341,1
235349,1
235372,1
235395,1
235398,1
235403,1
235506,1
235507,1
235515,1
235518,1
235520,1
235524,1
235526,1
235532,1
235553,1
235627,1
235690,1
235974,1
235981,1
235988,1
236106,1
236108,1
236182,1
236185,1
236305,1
236367,1
236372,1
236390,1
236427,1
236428,1
236439,1
236447,1
236470,1
236472,1
236480,1
236481,1
236484,1
236485,1
236489,1
236494,1
236498,1
236509,1
236510,1
236514,1
236520,1
236583,1
236666,1
236767,1
236949,1
236979,1
236981,1
236984,1
237009,1
237010,1
237018,1
237035,1
237056,1
237180,1
237186,1
237188,1
237197,1
237198,1
237199,1
237200,1
237201,1
237210,1
237223,1
237241,1
237323,1
237330,1
237333,1
237335,1
237339,1
237352,1
237372,1
237373,1
237647,1
237798,1
237801,1
237804,1
237808,1
237813,1
237995,1
238000,1
238438,1
238442,1
238445,1
238482,1
238510,1
238512,2
238524,1
238529,1
238544,1
238547,1
238573,1
238574,1
238576,1
238580,1
238588,1
239059,1
239338,1
239411,1
239412,1
239413,1
239417,1
239464,1
239648,1
239907,1
239945,1
240140,1
240142,1
240176,1
240311,1
240502,1
240517,1
240534,1
240562,1
240566,1
240567,1
240570,1
240571,1
240574,1
240582,1
240605,1
240632,1
240637,1
240651,1
240662,1
240664,2
240665,1
240673,1
240686,1
240697,1
240741,2
241022,1
241064,1
241126,1
241133,1
241134,1
241138,1
241201,1
241260,1
241429,1
241543,1
241545,1
241546,1
241558,1
241560,1
241670,1
241671,2
241775,1
241776,1
241780,1
241781,1
241788,1
241790,1
241809,1
241827,1
241870,1
242058,1
242080,1
242083,1
242090,1
242092,1
242094,1
242098,1
242099,1
242136,1
242137,1
242138,1
242139,1
242150,1
242159,1
242164,1
242169,1
242173,1
242188,1
242190,1
242195,1
242202,1
242203,1
242221,1
242226,1
242238,1
242239,1
242242,1
242266,1
242267,1
242327,1
242423,1
242505,1
242655,1
242761,1
242772,1
243000,1
243189,1
243413,1
243711,1
243743,1
243744,1
243745,1
243819,1
243821,1
243832,1
243942,1
243965,1
243973,1
244152,1
244168,1
244176,1
244193,1
244457,1
244647,1
244718,1
244974,1
245115,1
245181,1
245203,1
245205,1
245214,1
245343,2
245473,1
245553,1
245554,1
245571,1
245789,1
245801,1
245840,1
246148,1
246235,1
246236,1
246727,1
246839,1
247049,1
247077,1
247089,1
247090,1
247091,1
247093,1
247109,1
247112,1
247120,1
247128,1
247136,1
247148,1
247153,1
247166,1
247239,1
247242,1
247250,1
247252,1
247326,1
247343,1
247473,1
247527,1
247528,1
247531,1
247536,1
247537,1
247538,1
247562,1
247567,1
247587,1
247609,1
247632,1
247633,1
247661,1
247667,1
247877,1
248334,1
248337,1
248341,1
248348,1
248373,1
248387,1
248403,1
248424,1
248431,1
248435,1
248438,1
248439,1
248441,1
248443,1
248446,1
248447,1
248448,1
248452,1
248453,2
248457,1
248458,1
248469,1
248470,1
248487,1
248493,1
248498,1
248499,1
248503,1
248511,1
248517,2
248529,1
248533,1
248543,1
248549,1
248550,1
248563,1
248564,2
248566,1
248570,1
248571,1
248604,1
248627,1
248632,1
248634,1
248636,1
248638,1
248650,1
248651,1
248653,1
248658,1
248664,1
248668,1
248672,1
248679,1
248691,1
248705,2
248830,1
248838,1
248854,1
248911,1
248919,1
248928,1
248939,1
248951,2
248969,1
248975,1
248977,1
248987,1
249003,1
249004,1
249017,1
249031,1
249035,1
249039,1
249075,1
249079,1
249088,1
249131,1
249132,1
249133,1
249134,1
249136,1
249153,1
249156,1
249162,1
249166,1
249171,1
249172,1
249177,1
249187,1
249195,1
249206,1
249207,1
249208,1
249214,1
249222,1
249227,1
249247,1
249253,1
249261,1
249283,1
249289,1
249306,1
249316,1
249322,1
249327,1
249330,1
249334,1
249336,1
249338,1
249341,1
249342,1
249344,1
249349,1
249465,1
249475,1
249494,1
249496,1
249512,1
249513,1
249514,1
249515,1
249516,1
249517,1
249526,1
249527,1
249532,2
249533,1
249536,1
249543,1
249544,1
249545,1
249553,1
249554,1
249561,1
249564,1
249566,1
249569,1
249571,1
249573,1
249575,1
249586,1
249587,1
249589,1
249592,1
249596,1
249599,1
249600,1
249609,1
249610,2
249611,1
249620,1
249634,1
249635,2
249638,2
249640,1
249642,1
249649,1
249654,1
249655,1
249656,1
249657,1
249658,1
249664,1
249666,1
249667,1
249669,1
249672,1
249674,1
249677,1
249702,1
249717,1
249718,1
249719,1
249723,2
249725,1
249732,1
249733,1
249735,1
249738,1
249739,1
249741,1
249751,1
249754,1
249758,1
249759,1
249760,1
249761,1
249765,1
249783,1
249784,1
249800,1
249815,1
249821,1
249823,2
249824,1
249832,1
249833,1
249837,1
249842,1
249845,1
249849,1
249850,1
249851,1
249855,1
249856,1
249858,1
249860,1
249861,1
249864,1
249871,1
249876,1
249877,1
249883,1
249885,1
249886,1
249887,1
249893,1
249901,1
249904,1
249907,1
249919,1
249937,1
249940,1
249942,1
249971,1
249978,1
249979,1
250000,1
250127,1
250179,1
250184,1
250188,1
250196,1
250211,1
250224,1
250234,1
250237,1
250255,1
250257,1
250269,1
250283,1
250290,1
250293,1
250297,1
250330,1
250337,1
250347,1
250358,1
250436,1
250648,1
250657,1
250662,1
250668,1
250670,1
250674,1
250679,1
250683,1
250686,1
250689,1
250701,1
250709,1
250734,1
250741,1
250747,1
250753,1
250754,1
250755,1
250758,1
250760,1
250813,1
250814,1
250815,1
250828,1
250829,1
250830,1
250831,1
250837,1
250859,1
250864,1
250865,1
250866,1
250867,1
250869,1
250871,1
250877,1
250894,1
250898,1
250903,1
250904,1
250907,1
250912,1
250915,1
250920,1
250925,1
250933,1
250937,1
250941,1
250942,1
250946,1
250949,1
250953,1
250961,1
250972,1
250976,1
250977,1
251016,2
251017,1
251019,1
251022,1
251035,1
251064,1
251066,1
251112,1
251258,1
251330,1
251345,1
251350,1
251361,1
251362,1
251364,1
251369,1
251370,1
251371,1
251379,1
251387,1
251399,1
251401,1
251402,1
251404,1
251406,1
251408,1
251410,2
251417,1
251422,1
251433,1
251481,1
251494,1
251496,1
251509,1
251510,1
251511,1
251517,1
251526,1
251551,1
251555,1
251557,1
251558,1
251560,1
251563,1
251570,1
251572,1
251573,1
251574,1
251635,1
251638,1
251646,1
251647,1
251726,1
251728,1
251729,1
251730,1
251731,1
251732,1
251733,1
251739,1
251740,1
251759,1
251769,1
251770,1
251771,1
251778,1
251779,1
251781,1
251783,1
251813,1
251814,1
251815,1
251828,1
251833,1
251856,1
251866,1
251890,1
252145,1
252146,1
252147,1
252230,1
252234,1
252251,1
252274,1
252275,1
252276,1
252300,1
252312,1
252451,1
252460,1
252461,1
252794,1
252814,1
252846,1
252847,1
252850,1
252851,1
252856,1
252858,1
252859,1
252860,1
252861,1
252862,1
252864,1
252866,1
252868,1
252869,1
252870,1
252874,1
252875,1
252876,1
252878,1
252879,1
252889,1
252890,1
252893,2
252934,1
252938,1
252963,1
252978,1
252995,1
252999,1
253029,1
253047,1
253059,1
253067,1
253170,1
253172,1
253282,1
253293,1
253308,1
253320,1
253326,1
253362,1
253367,1
253371,1
253376,1
253377,1
253380,1
253392,1
253396,1
253397,1
253398,1
253429,1
253431,1
253505,1
253506,1
253509,1
253550,1
253607,1
253633,1
253645,1
253649,1
253654,1
253744,1
253745,1
253773,1
253776,1
253779,1
253780,1
253782,1
253784,1
253805,1
254136,1
254511,1
254669,1
254768,1
254916,1
254925,1
254934,1
255025,1
255055,1
255143,1
255149,1
255230,1
255231,1
255234,1
255266,1
255272,1
255288,1
255293,1
255310,1
255376,1
255474,1
255657,1
255789,1
255798,1
255837,1
255870,1
255886,1
255887,1
255895,1
255897,1
256051,1
256054,1
256055,1
256058,1
256059,1
256060,1
256079,1
256340,1
256341,1
256367,1
256395,1
256404,1
256406,1
256423,1
256430,1
256456,1
256482,1
257349,1
257350,1
257415,1
257434,1
257585,1
257633,1
257644,1
257645,1
257656,1
257666,1
257692,1
2576923,1
257999,1
258003,1
258077,1
258142,1
258212,1
258213,1
258353,1
258355,1
260192,1
260194,1
260222,1
260241,1
260250,1
260255,1
260296,1
260316,1
260328,1
260330,1
260342,1
260366,1
260368,1
260370,1
260378,1
260379,1
260380,1
260382,1
260384,1
260391,1
260394,1
260395,1
260396,1
260403,1
260404,1
260407,1
260418,1
260424,1
260443,1
260449,1
260453,1
260455,1
260462,1
260468,1
260500,1
260536,1
260596,1
260598,1
260606,1
260608,1
260695,1
260699,1
260701,1
260723,1
260729,1
260738,1
260740,1
260743,1
260744,1
260745,1
260747,1
260773,1
260776,1
260792,1
260800,1
260811,1
260817,2
260819,1
260827,1
260834,2
260835,1
260840,1
260843,1
260846,2
260864,1
260870,1
260871,1
260909,1
260910,2
260912,1
260915,1
260922,1
260929,1
260946,1
260956,1
260960,1
260961,1
260964,1
260971,1
260973,1
260975,1
260979,1
260985,1
260987,1
261018,2
261025,1
261027,1
261029,1
261053,1
261059,1
261063,1
261068,1
261073,1
261077,1
261078,1
261080,2
261086,1
261088,1
261096,1
261099,1
261101,1
261103,1
261105,1
261106,1
261107,2
261108,1
261111,1
261113,1
261120,1
261124,1
261126,1
261127,1
261128,1
261129,1
261130,1
261132,1
261133,1
261134,1
261135,1
261136,1
261144,2
261145,1
261147,3
261148,2
261150,1
261152,1
261153,1
261155,1
261168,1
261170,1
261172,1
261173,1
261174,1
261175,1
261177,1
261182,1
261186,1
261196,1
261202,2
261203,1
261215,1
261217,1
261237,1
261238,1
261241,1
261255,1
261257,1
261264,1
261281,1
261290,1
261305,1
261306,1
261313,1
261319,1
261392,1
261393,1
261395,1
261405,1
261411,1
261418,1
261480,1
261491,1
261495,1
261496,1
261498,1
261526,1
261527,1
261532,1
261535,1
261631,1
261637,1
261638,1
261640,1
261644,1
261649,1
261650,1
261651,1
261678,1
261681,1
261685,1
261686,1
261688,1
261690,1
261696,1
261700,1
261703,2
261711,1
261720,1
261724,1
261727,1
261739,1
261746,1
261752,1
261754,1
261756,1
261759,1
261761,1
261770,1
261780,1
261781,1
261787,1
261790,1
261791,1
261794,1
261795,1
261796,1
261797,1
261799,1
261800,1
261807,1
261815,1
261821,1
261822,1
261824,1
261833,1
261834,2
261835,1
261839,1
261848,1
261851,1
261860,1
261878,1
261882,1
261884,1
261897,1
261904,1
261906,1
261917,1
261938,2
261941,2
261943,1
261951,2
261970,1
261971,1
261974,1
261980,1
261985,1
261986,2
261987,2
261990,2
261994,1
262006,1
262007,1
262009,1
262023,1
262024,1
262025,1
262026,1
262032,1
262041,1
262048,1
262077,1
262081,1
262084,1
262091,1
262094,1
262095,2
262099,1
262101,1
262103,1
262110,1
262113,1
262116,1
262119,1
262120,1
262123,1
262125,2
262126,1
262128,1
262131,1
262155,1
262190,1
262192,1
262193,1
262195,1
262198,1
262199,1
262209,1
262213,1
262214,1
262217,1
262218,1
262219,1
262220,3
262229,2
262231,1
262236,1
262243,1
262244,1
262249,1
262263,2
262266,1
262268,1
262269,1
262275,1
262303,1
262328,1
262331,1
262345,1
262368,1
262370,1
262371,2
262395,1
262401,2
262404,1
262406,1
262413,1
262421,1
262431,1
262432,1
262438,1
262444,2
262471,1
262486,1
262498,1
262503,1
262505,2
262510,1
262514,1
262526,1
262533,1
262534,1
262535,1
262541,1
262545,1
262550,1
262554,2
262558,2
262561,1
262574,1
262599,1
262601,1
262608,1
262633,1
262636,1
262663,1
262687,1
262731,1
262739,2
262745,1
262751,1
262758,1
262760,1
262761,2
262783,1
262792,1
262796,1
262826,1
262828,1
262837,1
262846,1
262849,1
262865,1
262889,1
262901,1
262903,1
262906,1
262913,1
262929,2
262936,1
262938,1
262939,1
262944,1
262952,1
262955,1
262957,1
262958,1
262966,1
262977,1
262982,1
262984,2
262988,2
262990,1
262993,3
262999,1
263001,1
263013,1
263069,1
263094,1
263095,1
263096,1
263101,1
263102,1
263107,1
263110,1
263112,2
263114,1
263118,1
263119,2
263120,1
263144,1
263161,1
263166,1
263168,1
263172,1
263201,1
263222,1
263223,1
263233,2
263234,1
263249,1
263251,1
263268,1
263273,1
263275,1
263341,1
263342,1
263343,1
263371,1
263378,1
263379,1
263395,1
263404,1
263448,1
263452,1
263524,1
263530,1
263555,1
263593,1
263602,1
263604,1
263606,1
263615,1
263626,1
263628,1
263630,1
263632,1
263658,1
263664,1
263665,1
263675,1
263679,1
263681,1
263682,1
263708,1
263709,1
263713,1
263716,1
263724,1
263747,1
263750,1
263751,1
263754,1
263760,1
263764,1
263770,1
263771,2
263772,2
263773,1
263774,1
263777,1
263789,1
263790,1
263792,1
263796,1
263801,1
263803,1
263804,1
263814,1
263820,1
263885,1
263888,1
263890,1
263897,1
263905,1
263932,1
263934,1
263940,1
263942,1
263944,1
263945,1
263947,1
263948,1
263949,1
263951,1
263956,1
263957,3
263989,1
263995,1
263996,1
264000,1
264003,1
264066,1
264070,1
264076,1
264097,1
264099,1
264109,1
264112,1
264115,1
264123,1
264124,1
264137,1
264138,1
264143,1
264153,1
264154,1
264156,1
264158,1
264160,1
264161,1
264162,1
264163,1
264165,1
264166,1
264167,2
264168,1
264169,1
264170,1
264171,1
264172,1
264197,1
264198,1
264199,1
264200,1
264202,2
264203,1
264204,1
264209,1
264210,1
264215,1
264230,1
264240,1
264256,1
264257,1
264263,1
264276,1
264282,1
264285,1
264289,1
264294,1
264295,1
264297,1
264298,1
264303,1
264308,1
264319,1
264321,1
264331,1
264332,1
264334,1
264335,1
264336,1
264337,1
264339,1
264342,1
264350,2
264355,1
264356,1
264377,1
264379,1
264380,1
264384,1
264405,1
264407,1
264411,1
264418,1
264420,1
264421,1
264423,1
264427,1
264428,2
264429,1
264434,1
264440,1
264443,1
264447,1
264450,1
264460,1
264461,1
264462,1
264466,1
264473,1
264475,1
264478,1
264486,1
264488,1
264491,1
264493,1
264513,1
264514,2
264517,1
264519,1
264520,1
264523,1
264525,1
264526,2
264528,1
264530,1
264542,2
264544,1
264545,1
264547,3
264549,2
264550,2
264555,1
264556,1
264558,1
264561,1
264563,1
264565,1
264569,1
264570,1
264577,1
264580,1
264581,1
264588,1
264592,1
264595,1
264596,1
264619,1
264623,1
264625,1
264629,1
264630,1
264632,2
264633,1
264637,1
264638,1
264641,1
264643,1
264649,1
264650,1
264661,1
264678,1
264699,1
264700,1
264701,1
264702,1
264704,1
264705,1
264711,1
264716,1
264718,2
264722,1
264723,1
264724,1
264728,1
264729,1
264735,1
264739,1
264741,1
264743,1
264746,1
264756,1
264759,1
264760,1
264762,1
264766,1
264769,1
264770,1
264774,1
264775,1
264776,1
264782,1
264783,1
264787,1
264788,1
264791,1
264792,1
264794,1
264805,1
264806,1
264807,1
264811,1
264812,1
264813,1
264814,1
264816,1
264819,2
264824,1
264825,1
264829,2
264832,2
264834,1
264835,1
264840,1
264843,1
264844,1
264846,1
264851,1
264853,1
264857,1
264858,1
264860,2
264863,1
264871,1
264886,1
264887,1
264889,1
264896,1
264898,1
264902,1
264914,1
264917,1
264925,1
264934,1
264935,1
264938,1
264941,1
264943,1
264944,1
264945,1
264947,1
264955,1
264960,1
264963,2
264970,1
264973,1
264984,1
264991,1
264992,2
264994,2
264997,1
265001,2
265002,1
265006,1
265017,1
265019,1
265027,1
265030,1
265036,1
265037,1
265041,1
265061,1
265065,1
265079,1
265085,1
265114,1
265116,1
265205,1
265215,1
265217,1
265224,1
265241,1
265249,1
265258,1
265260,1
265270,1
265272,1
265275,1
265276,1
265277,1
265279,1
265280,1
265282,1
265284,2
265305,1
265307,1
265338,1
265344,1
265347,1
265349,1
265359,1
265361,1
265362,1
265375,1
265377,1
265380,1
265388,1
265400,1
265405,1
265406,1
265412,1
265413,1
265415,1
265420,1
265425,1
265430,1
265433,1
265435,1
265437,1
265439,1
265442,1
265457,1
265463,1
265468,1
265470,1
265475,1
265476,1
265487,1
265493,1
265529,1
265530,1
265558,1
265561,1
265592,1
265594,2
265601,1
265610,1
265644,1
265668,1
265681,1
265682,1
265702,2
265718,1
265719,1
265720,1
265721,1
265722,1
265725,2
265726,1
265729,1
265739,1
265744,1
265745,1
265746,1
265748,1
265751,1
265755,1
265758,1
265762,1
265764,1
265765,1
265766,1
265783,1
265789,1
265792,1
265797,1
265798,1
265808,1
265816,1
265817,1
265820,1
265821,1
265834,1
265845,1
265940,1
265954,1
265966,1
265998,1
266018,1
266027,1
266278,1
266292,1
266293,1
266299,1
266344,1
266354,1
266370,1
266423,1
266560,1
266573,1
266591,1
266592,1
266593,1
266744,1
266773,1
266775,1
266806,1
266809,1
266819,1
266830,1
266864,1
266937,1
266995,1
267009,1
267010,1
267011,1
267142,1
267174,1
267189,1
267195,1
267199,1
267201,1
267242,1
267243,1
267245,1
267246,1
267247,1
267248,1
267250,1
267251,1
267377,1
267422,1
267426,1
267427,1
267467,1
267468,1
267492,1
267497,1
267517,1
267521,1
267525,1
267559,1
267560,1
267563,1
267564,1
267662,1
267664,1
267686,1
267703,1
267705,1
267729,2
267762,1
267783,1
267791,1
267801,1
267804,1
267812,1
268185,1
268644,1
268650,1
268925,1
269221,1
269227,2
269238,1
269258,1
269269,1
269274,1
269277,1
269313,1
269314,1
269371,1
269406,1
269407,1
269489,1
269494,1
269495,1
269537,1
269547,1
269551,1
269588,1
269591,1
269608,1
269647,1
269654,1
269666,1
269870,1
270559,1
270658,1
270668,1
270674,1
270697,1
270703,1
270720,1
270727,1
270729,1
270749,1
270753,1
270754,1
270755,1
270756,1
270758,2
270759,1
270760,1
270764,1
270766,1
270774,1
270778,1
270828,1
270830,1
270840,1
270843,1
270848,1
270857,1
270889,1
270890,1
270891,1
270904,1
270983,1
270990,1
270993,1
270994,1
270998,1
271061,1
271073,1
271163,1
271192,1
271350,1
271484,1
271513,1
271517,1
271519,1
271524,1
271525,1
271526,1
271541,1
271550,1
271552,1
271562,1
271565,1
271569,1
271573,1
271576,1
271586,1
271587,1
271588,1
271591,1
271594,1
271599,1
271602,1
271603,1
271607,1
271610,1
271613,1
271627,1
271633,1
271637,1
271648,1
271649,1
271651,1
271652,1
271653,1
271660,1
271664,1
271675,1
271676,1
271686,1
271689,1
271694,1
271714,1
271716,1
271717,1
271724,1
271725,1
271726,1
271735,1
271745,1
271747,1
271749,1
271750,1
271754,1
271789,1
271793,1
271796,1
271797,1
271804,1
271815,1
271818,1
271819,1
271828,1
271836,1
271875,1
271899,1
271900,1
271902,1
271910,1
271944,1
272029,1
272076,1
272198,1
272379,1
272437,1
272594,1
272599,1
272600,1
272604,1
272610,1
272613,1
272614,1
272617,1
272625,1
272626,1
272638,1
272664,1
272785,1
272853,1
273213,1
273217,1
273299,1
273369,1
273512,1
273515,1
273526,1
273676,1
273875,1
273918,1
273954,1
273978,1
274675,1
275563,1
275571,2
275820,1
275861,1
275899,1
275918,1
276179,1
276304,1
276631,1
276810,1
277048,1
277060,1
277160,1
277330,1
277334,1
277336,1
277426,1
277488,1
277705,1
277937,1
278184,1
278388,1
278410,2
278607,1
278839,1
278847,1
278900,1
278954,1
278964,1
279026,1
279118,1
279131,1
279172,1
279240,1
279270,1
279332,1
279515,1
279631,1
280228,1
280241,1
280332,1
280334,1
280471,1
280609,1
280616,1
280985,1
281272,1
281319,1
281398,1
281402,1
281583,1
281855,1
282040,1
29199,1
3099,1
323535,1
336619,1
36966,1
3825,1
401819,1
40840,1
40844,1
40867,1
41167,2
41169,1
41174,1
41343,1
41344,2
41346,1
41347,1
41349,1
41357,1
41359,1
41360,1
41361,1
41372,1
41390,1
41413,1
41421,1
41424,1
41433,2
41457,1
41475,1
41482,1
41484,1
41503,1
41509,1
41517,1
41519,1
41522,1
41530,1
41533,1
41539,1
41542,1
41543,1
41553,1
41739,1
41745,1
41762,1
41778,1
41779,1
41814,1
41817,2
41819,1
41823,1
41839,1
41973,1
41985,1
42030,1
42031,1
42036,1
42056,1
42065,1
42123,1
42125,1
42126,1
42127,1
42140,1
42143,1
42149,1
42153,1
42161,1
42181,1
42191,1
42201,1
42207,1
42213,1
42222,1
42226,1
42227,1
42247,1
42248,1
42339,1
42351,1
42366,1
42371,1
42372,1
42385,1
42403,1
42404,1
42406,1
42407,1
42408,1
42421,1
42435,1
42437,1
42532,1
42886,1
42891,1
42922,1
42935,1
42948,1
43001,1
43005,1
43032,1
43047,1
43055,1
43076,1
43132,1
43147,1
43162,1
43176,1
43262,1
43275,1
43279,1
43281,1
43291,1
43297,1
43303,1
43328,1
43330,1
43337,1
43341,1
43354,1
43361,1
43379,1
43388,1
43390,1
43392,1
433928,1
43399,1
43403,1
43408,1
43409,1
43415,1
43427,1
43452,1
43476,1
43500,1
43538,2
43553,2
43578,1
43591,1
43601,1
43635,1
43638,1
43699,1
43722,1
43737,1
43774,1
43775,1
43777,1
43785,1
43789,1
43792,1
43801,1
43819,1
43823,1
43828,1
43842,1
43853,1
43869,1
43892,1
43913,1
43924,1
43948,1
43954,1
43997,1
44014,2
44024,1
44026,1
44031,1
44034,1
44035,1
44042,1
44045,1
44057,2
44066,1
44091,1
44095,1
44097,1
44098,1
44119,1
44124,1
44128,1
44133,1
44152,1
44153,1
44156,1
44171,1
44189,1
44208,1
44210,1
44212,1
44220,1
44225,1
442581,1
44268,1
44280,1
44287,1
44294,1
44309,1
44318,1
44337,1
44339,1
44367,1
44376,1
44380,1
44382,1
44395,1
44397,1
44399,1
44406,1
44452,1
44455,1
44486,1
44490,1
44497,1
44515,1
44521,1
44529,1
44535,1
44539,1
44540,1
44555,1
44567,1
44575,1
44580,1
44584,1
44591,1
44593,1
44601,1
44602,1
44621,1
44623,1
44626,1
44631,1
44638,1
44641,1
44673,1
44674,1
44681,1
44688,1
44697,1
44707,1
44720,1
44728,1
44739,1
44741,1
44742,1
44743,1
44746,1
44754,1
44755,1
44762,1
44763,1
44765,1
44768,1
44806,1
44807,1
44820,1
44822,1
44832,1
44833,1
44840,1
44845,1
44853,1
44876,1
44877,1
44880,1
44908,1
44911,1
44917,1
44918,1
44922,1
44933,1
44948,1
44956,1
44960,1
44968,1
44969,1
44974,1
44986,1
44988,2
44996,1
44998,1
45020,1
45025,1
45030,1
45048,1
45050,1
45054,1
45057,1
45060,1
45065,1
45114,1
45124,1
45136,1
45141,1
45170,1
45171,1
45178,1
45191,1
45207,1
45208,1
45215,1
45216,1
45217,1
45240,1
45256,1
45263,1
45271,1
45274,1
45279,1
45284,1
45302,1
45317,1
45326,2
45330,1
45341,1
45352,1
45356,1
45369,1
45436,1
45438,1
45451,1
45458,1
45468,1
45484,1
45487,1
45524,1
45734,1
45753,1
45758,1
45761,1
4587,1
45945,1
45948,1
45951,1
45981,1
45999,1
4600,1
46021,1
46027,1
46038,1
46053,1
46177,1
46180,1
46181,1
46186,1
46187,1
46204,1
46234,1
46239,1
46316,1
47130,1
47144,1
47162,1
474457,1
47534,1
47924,1
48030,1
48737,1
48765,1
48769,1
48775,1
48790,1
48793,1
551285,1
553728,1
553729,1
55664,1
561391,1
561406,1
561426,1
561518,1
561830,1
562075,1
562123,1
562125,1
562219,1
570847,1
570875,1
585,1
592869,1
593062,1
595632,1
597308,1
60773,1
61754,1
62527,1
62529,1
62531,1
62542,1
62543,1
62559,1
62570,1
62587,1
62592,1
62593,1
62598,1
62599,1
62615,1
62631,1
62651,1
62665,1
62676,1
62692,1
62694,1
62705,1
62714,1
62718,1
62725,1
62727,1
62730,1
62737,1
62741,1
62743,1
62744,1
62752,1
62771,1
62775,1
62782,1
62792,1
62800,1
62801,1
62814,1
62825,1
62854,1
62880,1
62883,1
62887,1
62890,1
62905,1
62906,1
62916,1
62918,1
62919,1
62920,1
62921,1
62922,1
62928,1
62939,1
62955,1
62965,1
62966,1
62967,1
62968,1
62970,1
62971,1
62978,1
62980,1
62981,1
62984,1
62992,1
62993,1
62997,1
62998,1
63009,1
63013,1
63028,1
63031,1
63032,1
63033,1
63036,1
63039,1
63040,1
63043,2
63044,1
63046,1
63053,1
63056,1
63062,1
63063,1
63073,2
63077,1
63079,1
63088,1
63094,1
63107,1
63108,1
63110,1
63111,1
63112,1
63119,1
63123,1
63132,1
63136,1
63139,1
63141,1
63151,1
63159,1
63304,1
63426,1
63428,1
63456,1
63787,2
63948,1
63949,1
64006,1
64008,1
64311,1
6464646,1
64710,1
64725,1
64726,1
64730,1
64734,1
64735,1
64827,1
64831,1
64911,1
650037,1
650042,1
650045,1
650957,1
651412,1
651489,1
65170,1
65186,1
65208,1
652157,1
65294,1
653763,1
65420,1
654440,1
65471,1
655589,1
656093,2
65612,1
65613,1
6564,1
65697,1
657114,1
65872,1
66102,1
66157,1
66234,1
66255,1
66280,1
66282,1
66284,1
66285,1
66290,1
66291,1
66292,1
66295,1
66297,1
66299,1
66301,1
66304,1
66309,1
66320,1
66321,1
66324,1
66329,1
66343,1
66350,1
66353,1
66358,1
66359,1
66365,1
66381,1
66412,1
66419,1
66421,1
66433,1
66435,1
66439,1
66442,1
66451,1
66454,1
66456,1
66459,1
66465,1
66470,1
66476,1
66478,1
66481,2
66482,1
66483,1
66484,1
66485,1
66486,1
66500,1
66503,1
66510,1
66511,1
66512,1
66523,1
66531,1
66532,1
66540,1
66559,1
66575,1
66587,1
66589,1
66618,1
66620,1
66621,1
66623,1
66629,1
66650,1
66653,1
66666,1
66671,1
66684,1
66688,1
66691,1
66694,1
66697,1
66709,1
66717,1
66725,1
66729,1
66737,1
66738,1
66739,1
66749,1
66753,1
66755,2
66758,1
66784,1
66864,1
66865,1
66866,1
66868,1
66889,1
66957,1
67005,1
67027,1
67055,1
69345,1
7,1
723800,1
724596,1
724782,1
725409,1
725826,1
725850,1
726084,1
726186,1
726243,1
733371,1
733578,1
734024,1
734229,1
734619,1
734667,1
735838,1
735911,1
735975,1
736038,1
736223,1
736822,1
736836,1
736863,1
736946,1
736985,1
736987,1
736990,1
737000,1
737001,1
737002,1
737003,1
737005,1
737007,1
737008,1
737010,1
737019,1
737025,1
737027,1
737035,1
737038,1
737041,1
737042,1
737057,1
737058,1
737067,1
737070,1
737084,1
737088,1
737091,1
737092,1
737109,1
737111,1
737113,1
737122,1
737126,1
737127,1
737128,1
737129,1
737130,1
737131,1
737140,1
737141,1
737142,1
737145,1
737149,1
737154,1
737168,1
737169,1
737171,1
737172,1
737173,1
737179,1
737181,1
737189,1
737190,1
737195,1
737196,1
737198,1
737199,1
737201,1
737205,1
737206,1
737212,1
737213,1
737214,1
737217,1
737219,1
737220,1
737224,1
737225,1
737226,1
737243,1
737244,1
737246,1
737247,1
737249,1
737263,1
737264,1
737463,1
737607,1
737609,1
737617,1
737728,1
737750,1
737758,1
737770,1
737821,1
737834,1
737892,1
737905,1
737978,1
738048,1
740637,1
741029,1
741368,1
741373,1
741407,1
741454,1
741504,1
741506,1
741613,1
741726,1
741910,1
742613,1
742619,1
742958,1
743084,1
743858,1
743885,1
744045,1
744046,1
744077,1
744189,1
744196,1
744199,1
744359,1
744479,1
744481,1
744575,1
744781,1
745512,1
746221,1
746453,1
749345,1
750954,1
753907,1
754194,1
754196,1
754290,1
754762,1
754879,1
756858,1
757474,1
758854,1
758973,1
759027,1
759263,1
759303,1
759618,1
759636,1
761336,1
761714,1
761848,1
764230,1
765733,1
772932,1
774355,1
777637,1
777903,1
781311,1
782001,1
782505,1
782512,1
782686,1
783728,1
783767,1
783771,1
783783,1
783814,1
783821,1
783838,1
783860,1
783861,1
783867,1
783870,1
783875,1
783886,1
783888,1
783894,1
783912,1
783959,1
783988,1
783989,1
783990,1
784008,1
784009,1
784156,1
784160,1
784188,1
784193,1
784201,1
784203,1
784368,1
784382,1
784453,1
784462,1
784466,1
784513,1
784522,1
784557,1
784564,1
784565,1
784593,1
784610,1
784612,1
784615,1
784617,1
784618,1
784622,1
784623,1
784625,1
784628,1
784629,1
784630,1
784637,1
784639,1
784641,1
784683,1
784685,1
784686,1
784687,1
784688,1
784768,1
784801,1
784806,1
784979,1
784982,1
784983,1
785016,1
785022,1
785023,1
785024,1
785026,1
785027,1
785072,1
785074,1
785075,1
785076,1
785079,1
785080,1
785082,1
785083,1
785084,1
785085,1
785086,1
785088,1
785090,1
785092,1
785094,1
785095,1
785096,1
785097,1
785098,1
785099,1
785100,1
785101,1
785104,1
785106,1
785107,1
785109,1
785111,1
785112,1
785113,1
785114,1
785115,1
785116,1
785117,1
785118,1
785120,1
785121,1
785122,1
785123,1
785124,1
785125,1
785126,1
785127,1
785128,1
785129,1
785131,1
785132,1
785133,1
785135,1
785136,1
785137,1
785138,1
785139,1
785140,1
785141,1
785142,1
785161,1
785170,1
785172,1
785174,1
785187,1
785188,1
785200,1
785201,1
785213,1
785214,1
785327,1
785351,1
785369,1
785380,1
785382,1
785383,1
785409,1
785410,1
785414,1
785415,1
785428,1
785446,1
785447,1
785448,1
785449,1
785571,1
785941,1
786125,1
786466,1
786504,1
786507,1
7875737,1
788872,1
789197,1
789288,1
789322,1
790610,1
791283,1
791454,1
791462,1
791532,1
792475,1
793331,1
793749,1
794270,1
794293,1
794313,1
794321,1
795330,1
795399,1
795405,1
795411,1
795434,1
795728,1
795892,1
795934,1
796135,1
796193,1
798682,1
799118,1
8,1
800247,1
801019,1
801290,1
801340,1
801461,1
801562,1
801598,1
801599,1
801718,1
801788,1
801965,1
802015,1
802018,1
802104,1
802341,1
802390,1
802396,1
802402,1
802426,1
802439,1
802441,1
802586,1
802763,1
802817,1
802840,1
802880,1
803235,1
804427,1
804471,1
804619,1
804704,1
804705,1
804711,1
804791,1
804868,1
804961,1
805022,1
805127,1
805213,1
805214,1
805241,1
805293,1
805497,1
805504,1
805523,1
805556,1
805568,1
805571,1
805573,1
805925,1
805956,1
805967,1
806035,2
806206,1
806303,1
806314,1
806484,1
806527,1
806547,1
806632,1
806767,1
806768,1
806784,1
806792,1
806796,1
806798,1
806799,1
806800,1
806803,1
806815,1
806845,1
806848,1
806887,1
807096,1
807124,1
807184,1
807207,1
807426,1
807580,1
807625,1
807755,1
807757,1
808153,1
808163,1
808166,1
808173,1
808174,1
808175,1
808176,1
808177,1
808180,1
808182,1
808184,1
808194,1
808196,1
808197,1
808214,1
8082234,1
808224,1
808226,1
808227,1
808232,1
808233,1
808238,1
808239,1
808240,1
808242,1
808256,1
808257,1
808912,1
80911,1
809171,1
809187,1
80919,1
809381,1
809399,1
809426,1
809452,1
809508,1
809770,1
809772,2
809775,1
809797,1
809803,1
809847,1
809877,1
810113,1
810279,1
810288,1
810381,1
810497,1
810505,1
810506,1
810548,1
810558,1
810560,1
810565,1
810566,1
810567,1
810575,1
81065,1
810726,1
810727,1
810755,1
810830,1
81136,1
811676,1
812038,1
812072,1
812115,1
812122,1
812162,1
812208,1
812215,1
812305,1
812354,1
812707,1
812930,1
812959,1
813323,1
813437,1
813496,1
813651,1
813681,1
813804,1
813948,1
813951,1
814025,1
814026,1
814027,1
814042,1
814097,1
814100,1
814180,1
814303,1
814305,1
814331,1
814350,1
814422,1
814427,1
814443,1
814444,1
814701,1
814732,1
814853,1
815109,1
815120,1
815127,1
815186,1
815473,1
815568,1
815569,1
815626,1
815753,1
815863,1
816010,1
816347,1
816542,1
816559,1
816562,1
816787,1
817054,1
817066,1
817084,1
817703,1
817716,1
817763,1
818015,1
818018,1
818065,1
818345,1
818355,1
818492,1
818883,1
819158,1
819223,1
819299,1
819397,1
819405,1
819529,1
819581,1
819596,1
819600,1
819671,1
819727,1
819771,1
819794,1
819844,1
819845,1
819915,1
820199,1
820518,1
820901,1
821170,1
821673,1
821791,1
822093,1
822114,1
822122,1
822341,1
823009,1
823180,1
823471,1
823472,1
823473,1
823474,1
823480,1
823485,1
823504,1
823512,1
823521,1
823534,1
823535,1
823543,1
823563,1
823564,1
823710,1
823712,1
823736,1
823782,1
823791,1
823793,1
823890,1
823931,1
824014,1
824125,1
824127,1
824132,1
824136,1
824137,1
824138,1
824144,1
824151,1
824220,1
824245,1
824252,1
824259,1
824286,1
824363,1
824387,1
824610,1
824622,1
824626,1
824699,1
824727,1
824789,1
824799,1
824834,1
824859,1
824949,1
824950,1
825021,1
825036,1
825263,1
825264,1
825293,1
825585,1
825636,1
825748,1
825759,1
825818,1
827748,1
827767,1
827824,1
827911,1
827912,1
827913,1
827915,1
827916,1
827918,1
827920,1
827921,1
827922,1
827923,1
827924,1
827925,1
827926,1
827932,1
827933,1
827934,1
827935,2
827937,1
827938,1
827939,1
827959,1
827961,1
828164,1
828200,1
828218,1
8282483,1
828279,1
828286,1
828312,1
828314,1
828323,1
82841,1
828655,1
828788,1
828802,1
828832,1
828857,1
828859,1
828860,1
829018,1
829099,1
829102,1
829103,1
829104,1
829105,1
829108,1
829109,1
829116,1
829127,1
829162,1
829236,1
829282,1
829304,1
829345,1
829350,1
829378,1
829388,1
829489,1
829499,1
829525,1
829862,1
829873,1
829874,1
829875,1
829881,1
829889,1
829896,1
829929,1
829964,1
829965,1
830097,1
830098,1
830099,1
830103,2
830104,1
830105,1
830110,1
830111,1
830112,1
830115,1
830201,1
830422,1
830424,1
830526,1
830538,1
830614,1
830619,1
830641,1
830786,1
830907,1
831017,1
831052,1
831053,1
831055,1
831056,1
831190,1
831205,1
831208,1
831218,1
831283,1
831306,1
831467,1
831571,1
831605,1
831665,1
831673,1
831674,1
831744,1
831753,1
831783,1
832020,1
832021,1
832334,1
832379,1
832380,1
832391,1
832394,1
832397,1
832507,1
832508,1
832686,1
832706,1
832853,1
832854,1
832855,1
832856,1
833016,1
833443,1
833600,1
834023,1
834232,1
834466,1
834505,1
834710,1
834801,1
834873,1
834901,1
835150,1
835940,1
836274,1
836366,1
836870,1
836874,1
836878,1
836901,1
837038,1
837098,1
837162,1
837446,1
837447,1
837470,1
837699,1
837700,1
837780,1
837793,1
838234,1
838434,1
838903,1
838947,1
839292,1
839293,2
839421,1
839600,1
839607,1
839679,1
839850,1
839895,1
839935,1
840030,1
840500,1
840642,1
840743,1
840768,1
841037,1
841173,1
841744,1
841780,1
841811,1
842067,1
842068,1
842069,1
842070,1
842257,1
842838,1
842839,1
842860,1
842989,1
843308,1
843671,1
843876,1
843966,1
844054,1
844362,1
844413,1
844445,1
844464,1
844541,1
844545,1
844599,1
844645,1
844654,1
844719,1
845024,1
845054,1
845141,1
845374,1
845379,1
845389,1
845416,1
845493,1
84553,1
845645,1
845744,1
845815,1
845891,1
845892,1
846023,1
846504,1
846510,1
846731,1
846784,1
846787,1
846853,1
846928,1
846981,1
847221,1
847626,1
847676,1
847751,1
847975,1
848100,1
848249,1
848341,1
848351,1
848557,1
848646,1
849102,1
849412,1
849498,1
849515,1
849528,1
849613,1
849663,1
849677,1
849756,1
849796,1
849799,1
849828,1
849829,1
849845,1
849858,1
849861,1
849863,1
849877,1
849886,1
849888,1
849889,1
849895,1
849896,1
849897,1
849915,1
849926,1
850002,1
850004,1
850011,1
850012,1
850022,1
850023,1
850024,1
850025,1
850026,1
850027,1
850028,1
850029,1
850033,1
850088,1
850090,1
850668,1
850682,1
850686,1
850714,1
850729,1
850730,1
850731,1
850732,1
850733,1
850734,1
850735,1
850736,1
850738,1
850740,1
850741,1
850742,1
850743,1
850745,1
850746,1
850748,1
850749,1
850763,1
850764,1
850765,1
850796,1
850817,1
850835,1
850948,1
850990,1
851031,1
851089,1
851398,1
851405,1
851413,1
851436,1
851476,1
851478,1
851651,1
851696,1
851737,1
851791,1
851828,1
851829,1
851830,1
851836,1
851854,1
851980,1
852031,1
852200,1
852222,1
852246,1
852300,1
852457,1
852628,1
852806,1
852858,1
852888,1
852899,1
853908,1
854076,1
854084,1
854103,1
854117,1
854167,1
854180,1
854293,1
854328,1
854350,2
854353,1
854403,1
854424,1
854457,1
854622,1
854748,2
854749,1
854764,1
854860,1
859024,1
859041,1
859044,1
859048,1
859051,1
859057,1
859061,2
859089,1
859171,1
859240,1
859243,2
859244,1
859302,1
859352,1
859371,1
859434,1
859583,1
859732,1
859740,2
859761,1
859776,1
859781,1
859809,1
859814,1
859837,1
860103,1
860117,1
860166,1
860167,1
860169,1
860176,1
860178,1
860183,1
860187,1
860512,1
860592,1
860649,1
860775,1
860782,1
860787,1
860792,1
860865,1
860868,1
860877,1
860964,1
86098,1
860987,1
861092,1
861201,1
861323,1
861637,1
861846,1
861883,1
861927,1
862038,1
862054,1
862221,1
862236,1
862291,1
862339,1
862341,1
862343,1
862427,1
862444,1
862549,1
862573,1
862580,1
862690,1
862803,2
863056,1
863194,1
863282,1
86346,1
863881,1
863915,1
863940,1
863947,1
864008,1
864203,1
864241,1
864348,1
864386,1
864439,1
864446,1
86446,1
864867,1
864893,1
864898,1
865916,1
865938,1
866164,1
866182,1
866183,1
866184,1
866185,1
866193,1
866198,1
866199,1
866200,1
866203,1
866207,1
866209,1
866328,1
866641,1
866665,1
867056,1
867063,1
867287,1
867307,1
86759,1
867677,1
86769,1
867762,1
867778,1
867944,1
867945,1
867946,1
867947,1
867948,1
867950,1
867954,1
867957,1
86801,1
868134,1
868506,1
868656,1
868657,1
868658,1
868662,1
868681,1
868682,1
868683,1
868684,1
868686,1
868687,1
868688,1
868689,1
868690,1
868691,1
868693,1
868696,2
868697,1
868699,1
868700,1
868701,1
868702,1
868703,1
868705,1
868706,1
868709,1
868712,1
868714,1
868719,1
868720,1
868722,1
868725,1
868727,1
868731,1
868732,1
868734,1
868737,1
868741,1
868742,1
868749,1
868753,1
868754,1
868755,1
868758,1
868759,1
868760,1
868761,1
868762,1
868763,1
868764,1
868766,1
868768,1
868769,1
868771,1
868772,1
868773,1
868776,1
868777,1
868782,1
868783,1
868784,1
868786,1
868788,1
868789,1
868790,1
868791,1
868794,1
868796,1
868797,1
868799,1
868800,1
868803,1
868804,1
868805,1
868806,1
868810,1
868811,1
868814,1
868815,1
868816,1
868818,1
868819,1
868820,1
868821,1
868822,1
868824,1
868826,1
868827,1
868828,1
868829,1
868830,1
868831,1
869422,1
869478,1
869538,1
86992,2
869929,1
870069,1
870271,1
870282,1
870633,1
870739,1
870741,1
870744,1
870933,1
870944,1
870948,1
870951,1
870955,1
870956,1
870957,1
870958,1
870959,1
870960,1
870962,1
870963,1
870964,1
870966,1
870967,1
870968,1
870970,1
870971,1
870975,1
870976,1
870977,1
870978,1
870982,1
870983,1
870984,1
870985,1
870987,1
870991,1
870996,1
871004,1
871005,1
871006,1
871008,1
871009,1
87102,1
871021,1
871023,1
871053,1
871055,1
871059,1
871062,1
871064,1
871065,1
871066,1
871067,1
871072,1
871073,1
871074,1
871075,1
871078,1
871082,1
871083,1
871093,1
871095,1
871096,1
871099,1
871105,1
871107,1
871109,1
871111,1
871309,1
871384,1
871462,1
871522,1
871524,1
871525,1
871526,1
871527,1
871530,1
871531,1
871532,1
871533,1
871535,1
871538,1
871539,1
871541,1
871542,1
871543,1
871544,1
871545,1
871546,1
871548,1
871551,1
871554,1
871555,1
871557,1
871558,1
871559,1
871561,1
871563,1
871564,1
871567,1
871571,1
871572,1
871574,1
871575,1
871580,1
871582,1
871586,1
871588,1
871589,1
871591,1
871592,1
871594,1
871595,1
871600,1
871686,1
871740,1
87198,1
872029,1
872948,1
872956,1
872957,1
872959,1
872960,1
872965,1
872968,1
872969,1
872970,1
872971,1
872972,1
872973,1
872974,1
872975,1
872976,1
872977,1
872978,1
872982,1
872985,1
872986,1
872987,1
872988,1
872989,1
872990,1
872991,1
872992,1
872995,1
872997,1
872999,1
873000,1
873001,1
873002,1
873003,1
873004,1
873005,1
873007,1
873011,1
873012,1
873014,1
873020,1
873022,1
873023,1
873025,1
873026,1
873027,1
873030,1
873031,1
873034,2
873037,1
873038,1
873040,1
873041,1
873042,1
873043,1
873046,1
873053,1
873055,1
873069,1
873072,1
873078,1
873079,1
873082,1
873085,1
873086,1
873087,1
873089,1
873090,1
873091,1
873097,1
873099,1
873100,1
873101,1
873102,1
873103,1
873105,1
873110,1
873116,1
873119,1
873120,1
873126,1
873148,1
873153,1
873155,1
873157,1
873161,1
873162,2
873163,1
873165,1
873166,1
873167,1
873170,1
873171,1
873172,1
873173,1
873175,1
873176,1
873177,1
873178,1
873179,1
873180,1
873181,1
873182,1
873183,1
873184,1
873185,1
873186,1
873187,1
873189,1
873190,1
873192,1
873193,1
873195,1
873196,1
873197,1
873199,1
873200,1
873203,1
873208,1
873209,1
873210,1
873213,1
873220,1
873221,1
873223,1
873225,1
873228,1
873232,1
873233,1
873234,1
873235,1
873236,1
873237,1
873238,1
873241,1
873242,1
873243,1
873245,1
873248,1
873249,1
873250,1
873251,1
873252,1
873253,1
873254,1
873255,1
873258,1
873259,1
873264,1
873265,1
873268,1
873270,2
873272,1
873273,1
873274,1
873277,1
873282,1
873283,1
873284,1
873286,1
873287,1
873288,1
873290,1
873291,1
873292,1
873294,1
873297,1
873300,1
873302,1
873303,1
873309,1
873310,1
873311,1
873312,1
873313,1
873314,1
873315,1
873316,1
873319,1
873320,1
873322,1
873323,1
873324,1
873326,1
873327,2
873328,1
873329,1
873330,1
873331,1
873333,1
873334,1
873335,1
873336,1
873337,1
873338,1
873340,1
873341,1
873342,1
873343,1
873348,1
873349,1
873350,1
873351,1
873352,1
873353,1
873354,1
873355,1
873356,1
873359,1
873360,1
873362,1
873364,1
873365,1
873366,1
873367,1
873510,1
873528,1
873581,1
873584,1
873585,1
873587,1
873604,1
873605,1
873606,1
873608,1
873609,1
873610,1
873612,1
873613,1
873614,1
873619,1
873621,1
873625,1
873626,1
873628,1
873629,1
873630,1
873631,1
873633,1
873634,1
873635,1
873638,1
873639,1
873642,1
873650,1
873651,1
873654,1
873655,1
873659,1
873661,1
873663,1
873666,1
873669,1
873683,1
873686,1
873687,1
873693,1
873700,1
873750,1
873758,1
873783,1
873951,1
874024,1
874193,1
874890,2
874995,1
875065,1
875128,1
875131,1
875132,1
875134,1
875136,1
875138,1
875139,1
875140,1
875141,1
875142,1
875143,1
875144,1
875147,1
875148,1
875152,1
875154,1
875158,1
875161,1
875162,1
875163,1
875164,1
875169,1
875170,1
875173,1
875174,1
875175,1
875177,1
875188,1
875191,1
875196,1
875200,1
875201,1
875204,1
875208,1
875211,1
875220,1
875223,1
875225,1
875228,1
875235,1
875236,1
875242,1
875243,1
875255,1
875256,1
875259,1
875266,1
875269,1
875561,1
875562,1
875563,1
875566,1
875568,1
875578,1
875579,1
875582,1
875585,1
875587,1
875588,1
875589,1
875592,1
875609,1
875611,1
875612,1
875613,1
875620,1
875621,1
875622,1
875624,1
875657,1
875658,1
875660,1
875661,1
875662,1
875663,1
875664,1
875665,1
875669,1
875670,1
875672,1
875681,1
875682,1
875683,1
875688,2
875698,1
875699,1
875701,1
875721,1
875723,1
875724,1
875726,1
875727,1
875728,1
875729,1
875732,1
875734,1
875735,1
875736,1
875740,1
875741,1
875742,1
875743,1
875745,1
875746,1
875747,1
875748,1
875750,1
875752,1
8757687,1
876368,1
876383,1
876389,1
87654,1
879380,1
879539,1
879548,1
879550,1
879551,1
879552,1
879553,1
879555,1
879559,1
879561,1
879565,1
879570,1
879573,1
879582,1
879583,1
879669,1
880097,1
880111,1
880118,1
880152,1
880165,1
880169,1
880177,1
880182,1
880203,1
880204,1
880259,1
880295,1
880336,1
881263,1
88139,1
881438,1
881502,1
881505,1
881759,1
881873,1
882049,1
882106,1
88224,1
882294,1
882310,1
882311,1
882312,1
882651,1
883492,1
884816,1
885830,1
886401,1
886432,1
886448,1
886449,1
886450,1
886451,1
886452,1
886454,1
886456,1
886459,1
886460,1
886461,1
886464,1
886465,1
886469,1
886470,1
886471,1
886473,1
886475,1
886478,1
886479,1
886480,1
886481,1
886482,1
886483,1
886484,1
886485,1
886486,1
886487,1
886490,1
886495,1
886496,1
886497,1
886498,1
886499,1
886502,1
886505,1
886506,1
886507,1
886508,1
886511,1
886512,1
886513,1
886514,1
886516,1
886517,1
886518,1
886519,1
886521,1
886522,1
886525,1
886526,1
886527,1
886529,1
886533,1
886535,1
886540,1
886541,1
886544,1
886545,1
886546,1
886553,1
886554,1
886555,1
886557,1
886558,1
886560,1
886561,1
886563,1
886567,1
886568,1
886572,1
886573,1
886575,1
886577,1
886579,1
886580,1
886581,1
886583,1
886584,1
886586,1
886587,1
886588,1
886589,1
886590,1
886591,1
886592,1
886593,1
886596,1
886600,1
886601,1
886602,1
886604,1
886605,1
886608,1
886609,1
886610,1
886612,1
886614,1
886615,1
886617,1
886622,1
886623,1
886624,1
886625,1
886626,1
886627,1
886631,1
886632,1
886634,1
886635,1
886636,1
886708,1
886729,1
887039,1
88756,1
887580,1
888011,1
888018,1
888047,1
888087,1
888110,1
888121,1
888123,1
888124,1
888220,1
888674,1
888976,1
889054,1
889537,1
889703,1
889707,1
889714,1
890529,1
891016,1
891329,1
891330,1
891372,1
891455,1
891456,2
891546,1
891560,2
891657,1
891930,1
891931,1
892017,1
892239,1
892242,1
892284,1
892293,1
892340,1
892341,1
892342,1
892343,1
892344,1
892345,1
892346,1
892347,1
892350,1
892352,1
892358,1
892359,1
892360,1
892364,1
892365,1
892366,1
892367,1
892368,1
892369,1
892370,1
892371,1
892372,1
892373,1
892375,1
892377,1
892378,1
892386,1
892387,1
892388,1
892389,1
892390,1
892391,1
892392,1
892393,1
892394,1
892398,1
892399,1
892402,1
892403,1
892404,1
892405,1
892406,1
892407,1
892413,1
892414,1
892415,1
892416,1
892417,1
892418,1
892420,1
892421,1
892422,1
892424,1
892425,1
892426,1
892427,1
892431,1
892433,1
892435,1
892436,1
892437,1
892438,1
892439,1
892440,1
892443,1
892445,1
892446,1
892447,1
892449,1
892451,1
892453,1
892457,1
892462,1
892464,1
892465,1
892472,1
892473,1
892474,1
892475,1
892476,1
892478,1
892480,1
892481,1
892482,1
892483,1
892486,1
892487,1
892493,1
892495,1
892497,1
892498,1
892500,1
892501,1
892502,1
892503,1
892508,1
892510,1
892511,1
892512,1
892513,1
892514,1
892515,1
892518,1
892519,1
892520,1
892521,1
892522,1
892524,1
892525,1
892528,1
892532,1
892533,1
892534,1
892535,1
892538,1
892539,1
892543,1
892954,1
894768,1
894769,1
894772,1
894773,1
894774,1
8949,1
894929,1
895474,1
895735,1
895752,1
895783,1
896193,1
896194,2
896732,1
897265,1
897355,1
897857,1
897859,1
897870,1
897875,1
897882,1
897883,1
897898,1
897995,1
898839,1
898914,1
898931,1
899226,1
899274,1
899362,1
899365,1
899528,1
900209,1
900513,1
900682,1
901272,1
901436,1
901452,1
901594,1
901705,1
901744,1
901982,1
901988,1
902184,1
902248,1
902265,1
902481,1
903507,1
903508,1
903509,1
903511,2
903584,1
903594,1
903757,1
903766,1
903767,1
903769,1
903776,1
903779,1
903780,1
903781,1
903782,1
903784,1
903788,1
903790,1
903793,1
903794,1
903797,1
903798,2
903801,1
903803,1
903805,1
903806,1
903813,1
903814,1
903816,1
903818,1
903820,1
903822,1
903842,1
903858,1
903862,1
903870,1
903871,1
903877,1
903878,1
903879,1
903882,1
903887,1
903888,1
903890,1
903894,1
903896,1
903905,1
903906,1
903908,1
903911,1
903916,1
903917,1
903918,1
903920,1
903921,1
903922,1
903923,1
903934,1
903936,1
903937,1
903938,1
903950,1
903951,1
903952,1
903953,1
903983,1
903991,1
904096,1
904177,1
904420,1
904474,1
904622,1
90472,1
904869,1
905305,1
905327,1
905330,1
905331,1
905339,1
905364,1
905374,1
905375,1
905395,1
905436,1
905438,1
905440,1
905442,1
905443,1
905484,1
905512,1
905536,1
905541,1
905556,1
906108,1
906334,1
906495,1
906751,1
906847,1
906855,1
907021,1
907743,1
908384,1
908495,1
908498,1
90862,1
908753,1
908765,1
908797,1
908808,1
908865,1
908869,1
908876,1
908893,1
908911,1
908912,1
908917,1
908919,1
908920,1
908929,1
908930,1
908933,1
908934,1
908935,1
908936,1
908937,1
908938,1
908941,1
908943,1
908945,1
908946,1
908947,1
908948,1
908950,1
908951,1
908953,1
908954,1
908955,1
908958,1
908961,1
908962,1
908964,1
908967,1
908968,1
908970,1
908971,2
908977,1
908979,1
908980,1
908981,1
908989,1
908990,1
908991,1
908992,1
908994,1
908995,1
908996,1
908997,1
908998,1
908999,1
909000,1
909001,1
909002,1
909003,1
909004,1
909005,1
909006,1
909007,1
909008,1
9090087,1
909009,1
909010,1
909011,1
909012,1
909013,1
909014,1
909015,1
909016,1
909019,1
909021,1
909022,1
909024,1
909025,1
909027,1
909028,1
909029,1
909030,1
909031,1
909032,1
909035,1
909036,1
909040,1
909041,1
909042,1
909044,1
909049,1
909051,1
909052,1
909054,1
909055,1
909056,1
909069,1
909070,1
909071,1
909073,1
909074,1
909075,1
909076,1
909079,1
909080,1
909081,1
909082,1
909083,1
909084,1
909085,1
909086,1
909088,1
909089,1
909091,1
909092,1
90909371,1
909094,1
909098,1
909102,1
909103,1
909104,1
909106,1
909107,1
909108,1
909122,1
909123,1
909131,1
909132,1
909133,1
909136,1
909153,1
909154,1
909155,1
909156,1
909160,1
909172,1
909173,1
909174,1
909175,1
909176,1
909187,1
909188,1
909196,1
909201,1
909202,1
909203,1
909204,1
909206,1
909217,1
909220,1
909229,1
909231,1
909238,1
909239,1
909246,1
909248,1
909250,1
909253,1
909255,1
909261,1
909262,1
909265,1
909268,1
909271,1
909277,1
909278,1
909280,1
909283,1
909284,1
909286,1
909288,1
909294,1
909298,1
909309,1
909311,1
909312,1
909313,1
909314,1
909316,1
909317,1
909318,1
909319,1
909320,1
909321,1
909322,1
909323,1
909324,1
909327,1
909328,1
909329,1
909330,1
909332,1
909335,1
909337,1
909339,1
909340,1
909342,1
909349,1
909350,1
909351,1
909353,1
909356,1
909363,1
909366,1
909368,1
909370,1
909372,1
909373,1
909374,1
909376,1
909377,1
909378,1
909379,1
909381,1
909382,1
909383,1
909384,1
909385,1
909387,1
909388,1
909389,1
909393,1
909394,1
909395,1
909409,1
909411,1
909413,1
909417,1
909418,1
909429,1
909430,1
909431,1
909432,1
909435,1
909436,1
909437,1
909439,1
909441,1
909444,1
909445,1
909446,1
909447,1
909448,1
909459,1
909465,1
909466,1
909469,1
909480,1
909482,1
909489,1
909490,1
909491,1
909492,1
909495,1
909496,1
909510,1
909514,1
909519,1
909520,1
909529,1
909531,1
909533,1
909535,1
909537,1
909541,1
909543,1
909546,1
909548,1
909554,1
909555,1
909556,1
909561,1
909562,1
909563,1
909575,1
909576,1
909579,1
909581,1
909582,1
909583,1
909584,1
909587,1
909589,1
909590,1
909594,1
909632,1
909633,1
909634,1
909638,1
909641,1
909642,1
909643,1
909644,1
909645,1
909646,1
909647,1
909651,1
909653,1
909657,1
909659,1
909662,1
909666,1
909668,1
910007,1
910119,1
910271,1
910710,1
910714,1
910915,1
910943,1
910990,1
911015,1
911075,1
911137,1
911358,1
911359,1
911360,1
911361,1
911362,1
911363,2
911364,1
911365,1
911369,1
911370,1
911371,2
911372,1
911373,1
911374,1
911376,1
911377,1
911379,1
911380,1
911381,1
911382,1
911383,1
911384,1
911388,1
911390,1
911391,1
911392,1
911393,1
911395,1
911397,1
911398,1
911399,1
911400,1
911401,1
911415,1
911416,1
911417,1
911418,1
911419,1
911420,1
911421,1
911422,1
911423,1
911424,1
911425,1
911428,1
911429,1
911430,1
911431,1
911432,1
911433,1
911435,1
911436,1
911437,1
911439,1
911441,1
911442,1
911445,1
911446,1
911447,1
911448,1
911449,1
911452,1
911453,1
911454,1
911455,1
911456,1
911457,1
911460,1
911462,1
911469,1
911471,1
911472,1
911474,1
911477,1
911478,1
911479,1
911481,1
911482,1
911484,1
911487,1
911488,1
911490,1
911491,1
911492,1
911497,1
911501,1
911503,1
911504,1
911505,1
911506,1
911507,1
911508,1
911516,1
911517,1
911518,1
911519,1
911520,1
911521,1
911524,1
911525,1
911526,1
911527,1
911528,1
911530,1
911531,1
911532,1
911552,1
911563,1
911564,1
911565,1
911566,1
911568,1
911569,1
911570,1
911572,1
911573,1
911574,1
911575,1
911576,1
912246,1
913309,1
913596,1
913604,1
913735,1
913750,1
913899,1
914109,1
914841,1
914941,1
914951,1
915407,1
915585,1
915954,1
916109,1
917056,1
917442,1
917506,1
91782,1
917852,1
917891,1
917903,1
917907,1
918078,1
918906,1
919546,1
919549,1
91959,1
920004,1
920005,1
920007,1
920113,1
920361,1
920370,1
920663,1
920667,1
921140,1
921193,1
921461,1
92177,1
921901,1
921931,1
921932,1
921933,1
921934,1
921936,1
921937,1
921940,1
921944,1
921946,1
921950,1
921957,1
921960,1
921962,1
921965,1
921968,1
921970,1
921971,1
921975,1
921980,1
921981,1
921982,1
921984,1
921985,1
921986,1
921988,1
921989,1
921990,1
921995,1
922000,1
922003,1
922004,2
922024,1
922061,1
922062,1
922063,1
922064,1
922067,1
922068,1
922069,1
922070,1
922071,2
922072,1
922073,1
922074,1
922075,1
922076,1
922077,1
922078,1
922080,1
922082,1
922088,1
922094,1
922095,1
92211,1
92214,1
922146,1
922245,1
922578,1
922581,1
922582,1
922776,1
922782,1
922997,1
923064,1
923775,1
924040,1
924041,1
924043,1
924064,1
924190,1
92420,1
924259,1
92428,1
92430,1
92458,1
924590,1
92463,2
924693,1
924713,1
925962,1
926127,1
926128,1
926154,1
926353,1
926354,1
926355,1
926388,1
926407,1
926497,1
926498,1
926673,1
926834,1
926835,1
926857,1
927052,1
927126,1
927199,1
927204,1
927213,1
927216,1
927226,1
927273,1
927357,1
927610,1
928134,1
928140,1
928141,1
928142,1
928145,1
928170,1
928171,1
928182,1
928203,1
928206,1
928210,1
928211,1
928213,1
928214,1
928219,1
928220,1
928221,1
928224,1
928269,1
928270,1
928306,1
928321,1
929350,1
929378,1
929999,1
930001,1
930004,1
930508,1
93152,1
931703,1
931973,1
932106,1
932120,1
932121,1
932530,1
932534,1
932536,1
932538,1
932550,1
932551,1
932555,1
932561,1
932563,1
932566,1
932568,1
932573,1
932578,1
932580,1
932582,1
932584,1
932586,1
932589,1
932592,1
932593,1
932600,1
932601,1
932602,1
932603,1
93263,1
932688,1
932689,1
932690,1
932692,1
932694,1
932695,1
932696,1
932726,1
932728,1
932729,1
932730,1
932740,1
932743,1
932744,1
932745,1
932748,1
932758,1
932762,1
932766,1
93277,1
932771,1
932772,1
932782,1
932786,1
932794,1
932798,1
932803,1
932818,1
932824,1
932825,1
932826,1
932827,1
932830,1
932835,1
932840,1
932842,1
932843,1
932845,1
933008,1
933014,1
933857,1
933912,1
934094,1
934184,1
934215,1
934223,1
934252,1
9344355,1
934867,1
935611,1
935895,1
935900,1
936744,1
936981,1
93761,1
937626,1
937628,1
93763,1
937635,1
937661,1
937671,1
937678,1
937679,1
937757,1
937842,1
937879,1
938006,1
938020,1
938107,1
938122,1
939870,1
940140,1
940245,1
940263,1
940281,1
940294,1
940533,1
940828,1
940842,1
940855,1
94116,1
941590,1
941602,1
941861,1
941863,1
941878,1
941881,1
941882,1
941883,1
941884,1
941891,1
941893,1
941895,1
941896,1
941918,1
941919,1
941920,1
941926,1
941927,1
941932,1
941934,1
941935,1
941936,1
941937,1
941939,1
941940,1
941944,1
941945,1
941946,1
941947,1
941948,1
941949,1
941950,1
941951,1
941952,1
941953,1
941954,1
941955,1
941957,1
941960,1
941963,1
941966,1
941968,1
941969,1
941970,1
941972,1
941974,1
941975,1
941976,1
941979,1
941980,1
941983,1
941990,1
941991,1
941992,1
941993,1
941996,1
941997,1
941998,1
941999,1
942000,1
942001,1
942002,1
942003,1
942009,1
942010,1
942012,1
942013,1
942014,1
942015,1
942016,1
942017,1
942018,1
942019,1
942020,1
942023,1
942026,1
942027,1
942028,1
942033,1
942034,1
942035,1
942036,1
942037,1
942038,1
942039,1
942041,1
942043,1
942044,1
942046,1
942049,1
942052,1
942643,1
943151,1
943153,1
943197,1
943415,1
943447,1
943732,1
944920,1
945484,1
945502,2
945589,1
945595,1
946060,1
946066,1
946086,1
946108,1
946140,1
9464846,1
946763,1
946772,1
947339,1
947743,1
947760,1
948056,1
948470,1
948545,1
948562,1
948651,1
948662,1
948729,1
948778,1
948781,1
948818,1
948882,1
94912,1
950295,1
951829,1
952687,1
952875,1
953468,1
95784,1
960200,1
960344,1
960391,1
960435,1
961293,1
962145,1
964416,1
964450,1
964751,1
965004,1
965102,1
965313,1
966087,1
967241,1
968976,1
969083,1
970639,1
970640,1
971135,1
971374,1
971375,1
971580,1
972062,1
972436,1
973346,1
973348,1
973760,1
973863,1
974275,1
974283,1
974286,1
977225,1
977571,1
977628,1
977668,1
978962,1
979107,1
979108,1
979109,1
98,1
981323,1
981328,1
981335,1
981420,1
981430,1
981454,1
981461,1
981481,1
981482,1
981500,1
981521,1
981530,1
981591,1
981592,1
981593,1
981595,1
981596,1
981956,1
982639,1
982807,1
982813,1
982815,1
982817,1
983055,1
983056,1
983057,1
983059,1
984753,1
985580,1
985769,1
985778,1
985779,1
985856,1
987540,1
987577,1
987578,1
987811,1
987812,1
987814,1
987815,1
987821,1
987834,1
988380,1
988988,1
989165,1
989453,1
989762,1
989766,1
989788,1
989800,1
989802,1
989852,1
990574,1
991075,1
991289,1
991432,1
992475,1
992487,1
99464,1
994734,1
995158,1
998012,1
998754,1
998843,1
999261,1
999622,1
999626,3
Barranquilla,13
